142263-001,HP:Cables:142263-001
148785-008,HP:Cables:148785-008
166298-038,HP:Cables:166298-038
341174-B21,HP:Cables:341174-B21
396632-001,HP:Cables:396632-001
398307-B21,HP:Cables:398307-B21
399546-B21,HP:Cables:399546-B21
409124-001,HP:Cables:409124-001
430479-B21,HP:Cables:430479-B21
432238-B21,HP:Cables:432238-B21
438160-B21,HP:Cables:438160-B21
452130-B21,HP:Cables:452130-B21
457692-B21,HP:Cables:457692-B21
460310-B21,HP:Cables:460310-B21
487651-001,HP:Cables:487651-001
487655-B21,HP:Cables:487655-B21
487734-B21,HP:Cables:487734-B21
488138-001,HP:Cables:488138-001
591734-B21,HP:Cables:591734-B21
660093-001,HP:Cables:660093-001
662897-B21,HP:Cables:662897-B21
662901-B21,HP:Cables:662901-B21
668943-B21,HP:Cables:668943-B21
672242-B21,HP:Cables:672242-B21
675611-001,HP:Cables:675611-001
681910-001,HP:Cables:681910-001
684527-B21,HP:Cables:684527-B21
685018-B21,HP:Cables:685018-B21
689392-001,HP:Cables:689392-001
716197-B21,HP:Cables:716197-B21
725593-B21,HP:Cables:725593-B21
780418-001,HP:Cables:780418-001
783007-B21,HP:Cables:783007-B21
784622-001,HP:Cables:784622-001
785991-B21,HP:Cables:785991-B21
792836-001,HP:Cables:792836-001
882011-B21,HP:Cables:882011-B21
AD626B,HP:Cables:AD626B
P06683-B21,HP:Cables:P06683-B21
P48918-B21,HP:Cables:P48918-B21
P48920-B21,HP:Cables:P48920-B21
P52152-B21,HP:Cables:P52152-B21
129803-B21,HP:Communications Adapters:129803-B21
138603-B21,HP:Communications Adapters:138603-B21
153543-B21,HP:Communications Adapters:153543-B21
154457-B21,HP:Communications Adapters:154457-B21
158575-B21,HP:Communications Adapters:158575-B21
174736-B21,HP:Communications Adapters:174736-B21
174830-B21,HP:Communications Adapters:174830-B21
203539-B21,HP:Communications Adapters:203539-B21
230255-B21,HP:Communications Adapters:230255-B21
242505-001,HP:Communications Adapters:242505-001
244949-B21,HP:Communications Adapters:244949-B21
268351-B21,HP:Communications Adapters:268351-B21
290563-B21,HP:Communications Adapters:290563-B21
313879-B21,HP:Communications Adapters:313879-B21
313881-B21,HP:Communications Adapters:313881-B21
317450-B21,HP:Communications Adapters:317450-B21
338456-B21,HP:Communications Adapters:338456-B21
347786-B21,HP:Communications Adapters:347786-B21
353377-B21,HP:Communications Adapters:353377-B21
355671-B21,HP:Communications Adapters:355671-B21
367047-B21,HP:Communications Adapters:367047-B21
367132-B21,HP:Communications Adapters:367132-B21
374654-B21,HP:Communications Adapters:374654-B21
380298-B21,HP:Communications Adapters:380298-B21
384043-B21,HP:Communications Adapters:384043-B21
391661-B21,HP:Communications Adapters:391661-B21
394791-B21,HP:Communications Adapters:394791-B21
394793-B21,HP:Communications Adapters:394793-B21
394795-B21,HP:Communications Adapters:394795-B21
403619-B21,HP:Communications Adapters:403619-B21
406771-B21,HP:Communications Adapters:406771-B21
412648-B21,HP:Communications Adapters:412648-B21
412911-B21,HP:Communications Adapters:412911-B21
416096-B21,HP:Communications Adapters:416096-B21
434905-B21,HP:Communications Adapters:434905-B21
435508-B21,HP:Communications Adapters:435508-B21
445978-B21,HP:Communications Adapters:445978-B21
447883-B21,HP:Communications Adapters:447883-B21
456972-B21,HP:Communications Adapters:456972-B21
458492-B21,HP:Communications Adapters:458492-B21
462832-B21,HP:Communications Adapters:462832-B21
467799-B21,HP:Communications Adapters:467799-B21
468332-B21,HP:Communications Adapters:468332-B21
488765-B21,HP:Communications Adapters:488765-B21
489892-B21,HP:Communications Adapters:489892-B21
503746-B21,HP:Communications Adapters:503746-B21
516937-B21,HP:Communications Adapters:516937-B21
538696-B21,HP:Communications Adapters:538696-B21
539857-B21,HP:Communications Adapters:539857-B21
572531-B21,HP:Communications Adapters:572531-B21
581201-B21,HP:Communications Adapters:581201-B21
581204-B21,HP:Communications Adapters:581204-B21
593717-B21,HP:Communications Adapters:593717-B21
593722-B21,HP:Communications Adapters:593722-B21
610609-B21,HP:Communications Adapters:610609-B21
614203-B21,HP:Communications Adapters:614203-B21
615729-B21,HP:Communications Adapters:615729-B21
615732-B21,HP:Communications Adapters:615732-B21
629135-B21,HP:Communications Adapters:629135-B21
629142-B21,HP:Communications Adapters:629142-B21
647581-B21,HP:Communications Adapters:647581-B21
647586-B21,HP:Communications Adapters:647586-B21
647590-B21,HP:Communications Adapters:647590-B21
647594-B21,HP:Communications Adapters:647594-B21
649282-B21,HP:Communications Adapters:649282-B21
650926-B21,HP:Communications Adapters:650926-B21
650931-B21,HP:Communications Adapters:650931-B21
650933-B21,HP:Communications Adapters:650933-B21
651281-B21,HP:Communications Adapters:651281-B21
652497-B21,HP:Communications Adapters:652497-B21
652503-B21,HP:Communications Adapters:652503-B21
655874-B21,HP:Communications Adapters:655874-B21
656596-B21,HP:Communications Adapters:656596-B21
659818-B21,HP:Communications Adapters:659818-B21
665240-B21,HP:Communications Adapters:665240-B21
665243-B21,HP:Communications Adapters:665243-B21
665249-B21,HP:Communications Adapters:665249-B21
684210-B21,HP:Communications Adapters:684210-B21
700751-B21,HP:Communications Adapters:700751-B21
700759-B21,HP:Communications Adapters:700759-B21
700763-B21,HP:Communications Adapters:700763-B21
716591-B21,HP:Communications Adapters:716591-B21
718203-B21,HP:Communications Adapters:718203-B21
718935-B21,HP:Communications Adapters:718935-B21
726907-B21,HP:Communications Adapters:726907-B21
727054-B21,HP:Communications Adapters:727054-B21
727055-B21,HP:Communications Adapters:727055-B21
727060-B21,HP:Communications Adapters:727060-B21
727250-B21,HP:Communications Adapters:727250-B21
729552-B21,HP:Communications Adapters:729552-B21
761872-B21,HP:Communications Adapters:761872-B21
764284-B21,HP:Communications Adapters:764284-B21
764285-B21,HP:Communications Adapters:764285-B21
764302-B21,HP:Communications Adapters:764302-B21
766490-B21,HP:Communications Adapters:766490-B21
779793-B21,HP:Communications Adapters:779793-B21
811546-B21,HP:Communications Adapters:811546-B21
813661-B21,HP:Communications Adapters:813661-B21
817709-B21,HP:Communications Adapters:817709-B21
817721-B21,HP:Communications Adapters:817721-B21
817738-B21,HP:Communications Adapters:817738-B21
817749-B21,HP:Communications Adapters:817749-B21
817753-B21,HP:Communications Adapters:817753-B21
825111-B21,HP:Communications Adapters:825111-B21
867328-B21,HP:Communications Adapters:867328-B21
867334-B21,HP:Communications Adapters:867334-B21
867707-B21,HP:Communications Adapters:867707-B21
872726-B21,HP:Communications Adapters:872726-B21
874253-B21,HP:Communications Adapters:874253-B21
879482-B21,HP:Communications Adapters:879482-B21
AJ762B,HP:Communications Adapters:AJ762B
AK344A,HP:Communications Adapters:AK344A
DC131B,HP:Communications Adapters:DC131B
P08421-B21,HP:Communications Adapters:P08421-B21
P08440-B21,HP:Communications Adapters:P08440-B21
P08443-B21,HP:Communications Adapters:P08443-B21
P08446-B21,HP:Communications Adapters:P08446-B21
P10097-B21,HP:Communications Adapters:P10097-B21
P10115-B21,HP:Communications Adapters:P10115-B21
P12965-B21,HP:Communications Adapters:P12965-B21
P22702-B21,HP:Communications Adapters:P22702-B21
P26256-B21,HP:Communications Adapters:P26256-B21
P26259-B21,HP:Communications Adapters:P26259-B21
P26262-B21,HP:Communications Adapters:P26262-B21
P26269-B21,HP:Communications Adapters:P26269-B21
P28787-B21,HP:Communications Adapters:P28787-B21
P42044-B21,HP:Communications Adapters:P42044-B21
P51178-B21,HP:Communications Adapters:P51178-B21
Q0F09A,HP:Communications Adapters:Q0F09A
Q0F26A,HP:Communications Adapters:Q0F26A
Q0L14A,HP:Communications Adapters:Q0L14A
177901-001,HP:Fan Kits:177901-001
279036-001,HP:Fan Kits:279036-001
289544-001,HP:Fan Kits:289544-001
293048-B21,HP:Fan Kits:293048-B21
409579-B21,HP:Fan Kits:409579-B21
413978-001,HP:Fan Kits:413978-001
496066-001,HP:Fan Kits:496066-001
508107-B21,HP:Fan Kits:508107-B21
513927-B21,HP:Fan Kits:513927-B21
515081-B21,HP:Fan Kits:515081-B21
516009-B21,HP:Fan Kits:516009-B21
581031-B21,HP:Fan Kits:581031-B21
661530-B21,HP:Fan Kits:661530-B21
663120-001,HP:Fan Kits:663120-001
667855-B21,HP:Fan Kits:667855-B21
667882-001,HP:Fan Kits:667882-001
675449-002,HP:Fan Kits:675449-002
685043-001,HP:Fan Kits:685043-001
686664-001,HP:Fan Kits:686664-001
719079-B21,HP:Fan Kits:719079-B21
725571-B21,HP:Fan Kits:725571-B21
725587-B21,HP:Fan Kits:725587-B21
732136-001,HP:Fan Kits:732136-001
747597-001,HP:Fan Kits:747597-001
822531-001,HP:Fan Kits:822531-001
826706-B21,HP:Fan Kits:826706-B21
867810-B21,HP:Fan Kits:867810-B21
871244-B21,HP:Fan Kits:871244-B21
128417-B21,HP:Hard Drives:128417-B21
128418-B22,HP:Hard Drives:128418-B22
128420-B21,HP:Hard Drives:128420-B21
400739-B21,HP:Hard Drives:400739-B21
142672-B21,HP:Hard Drives:68-pin SCSI Hard Drives:142672-B21
176497-B21,HP:Hard Drives:68-pin SCSI Hard Drives:176497-B21
271832-B21,HP:Hard Drives:68-pin SCSI Hard Drives:271832-B21
332751-B21,HP:Hard Drives:68-pin SCSI Hard Drives:332751-B21
356990-B21,HP:Hard Drives:68-pin SCSI Hard Drives:356990-B21
357012-B21,HP:Hard Drives:68-pin SCSI Hard Drives:357012-B21
176496-B22,HP:Hard Drives:80-pin SCSI Hard Drives:176496-B22
188122-B22,HP:Hard Drives:80-pin SCSI Hard Drives:188122-B22
232432-B22,HP:Hard Drives:80-pin SCSI Hard Drives:232432-B22
232916-B22,HP:Hard Drives:80-pin SCSI Hard Drives:232916-B22
286713-B22,HP:Hard Drives:80-pin SCSI Hard Drives:286713-B22
286714-B22,HP:Hard Drives:80-pin SCSI Hard Drives:286714-B22
286716-B22,HP:Hard Drives:80-pin SCSI Hard Drives:286716-B22
286775-B22,HP:Hard Drives:80-pin SCSI Hard Drives:286775-B22
286776-B22,HP:Hard Drives:80-pin SCSI Hard Drives:286776-B22
286778-B22,HP:Hard Drives:80-pin SCSI Hard Drives:286778-B22
347708-B22,HP:Hard Drives:80-pin SCSI Hard Drives:347708-B22
350964-B22,HP:Hard Drives:80-pin SCSI Hard Drives:350964-B22
411089-B22,HP:Hard Drives:80-pin SCSI Hard Drives:411089-B22
230534-B21,HP:Hard Drives:ATA Hard Drives:230534-B21
278424-B21,HP:Hard Drives:ATA Hard Drives:278424-B21
354052-B21,HP:Hard Drives:ATA Hard Drives:354052-B21
366486-B21,HP:Hard Drives:ATA Hard Drives:366486-B21
79-00000523+,HP:Hard Drives:Empty Trays:79-00000523+
9D988,HP:Hard Drives:Empty Trays:dell-tray-9D988
hp-sas2.5-gen8-tray-empty,HP:Hard Drives:Empty Trays:hp-sas2.5-gen8-tray-empty
651687-001,HP:Hard Drives:Empty Trays:hp-sata2.5-gen8-tray-empty
P03761-002,HP:Hard Drives:Empty Trays:P03761-002
P22892-002,HP:Hard Drives:Empty Trays:P22892-002
AG803A,HP:Hard Drives:FC Hard Drives:AG803A
AG803B,HP:Hard Drives:FC Hard Drives:AG803B
123065-B22,HP:Hard Drives:Misc Hard Drives:123065-B22
176498-B21,HP:Hard Drives:Misc Hard Drives:176498-B21
328942-B21,HP:Hard Drives:Misc Hard Drives:328942-B21
349526-B21,HP:Hard Drives:Misc Hard Drives:349526-B21
388143-B21,HP:Hard Drives:Misc Hard Drives:388143-B21
404940-001,HP:Hard Drives:Misc Hard Drives:404940-001
454412-001,HP:Hard Drives:Misc Hard Drives:454412-001
454414-001,HP:Hard Drives:Misc Hard Drives:454414-001
608447-B21,HP:Hard Drives:Misc Hard Drives:608447-B21
653109-B21,HP:Hard Drives:Misc Hard Drives:653109-B21
AG883A,HP:Hard Drives:Misc Hard Drives:AG883A
AJ735A,HP:Hard Drives:Misc Hard Drives:AJ735A
AJ736A,HP:Hard Drives:Misc Hard Drives:AJ736A
AJ737A,HP:Hard Drives:Misc Hard Drives:AJ737A
AJ738A,HP:Hard Drives:Misc Hard Drives:AJ738A
AJ739A,HP:Hard Drives:Misc Hard Drives:AJ739A
AJ740A,HP:Hard Drives:Misc Hard Drives:AJ740A
AP858A,HP:Hard Drives:Misc Hard Drives:AP858A
AP859A,HP:Hard Drives:Misc Hard Drives:AP859A
AP860A,HP:Hard Drives:Misc Hard Drives:AP860A
371534-B21,HP:Hard Drives:ML150G2 SCSI Hard Drives:371534-B21
371535-B21,HP:Hard Drives:ML150G2 SCSI Hard Drives:371535-B21
377537-B21,HP:Hard Drives:ML150G2 SCSI Hard Drives:377537-B21
AP861A,HP:Hard Drives:MSA Drives:AP861A
AP871A,HP:Hard Drives:MSA Drives:AP871A
AP875A,HP:Hard Drives:MSA Drives:AP875A
AW590A,HP:Hard Drives:MSA Drives:AW590A
AW611A,HP:Hard Drives:MSA Drives:AW611A
AW612A,HP:Hard Drives:MSA Drives:AW612A
C8R26A,HP:Hard Drives:MSA Drives:C8R26A
C8S61A,HP:Hard Drives:MSA Drives:C8S61A
E7W47A,HP:Hard Drives:MSA Drives:E7W47A
G0M43A,HP:Hard Drives:MSA Drives:G0M43A
G0M44A,HP:Hard Drives:MSA Drives:G0M44A
J9F40A,HP:Hard Drives:MSA Drives:J9F40A
J9F41A,HP:Hard Drives:MSA Drives:J9F41A
J9F42A,HP:Hard Drives:MSA Drives:J9F42A
J9F43A,HP:Hard Drives:MSA Drives:J9F43A
J9F44A,HP:Hard Drives:MSA Drives:J9F44A
J9F46A,HP:Hard Drives:MSA Drives:J9F46A
J9F47A,HP:Hard Drives:MSA Drives:J9F47A
J9F48A,HP:Hard Drives:MSA Drives:J9F48A
J9F49A,HP:Hard Drives:MSA Drives:J9F49A
J9F50A,HP:Hard Drives:MSA Drives:J9F50A
J9F51A,HP:Hard Drives:MSA Drives:J9F51A
J9V69A,HP:Hard Drives:MSA Drives:J9V69A
J9V70A,HP:Hard Drives:MSA Drives:J9V70A
K2Q45A,HP:Hard Drives:MSA Drives:K2Q45A
K2Q82A,HP:Hard Drives:MSA Drives:K2Q82A
M0S90A,HP:Hard Drives:MSA Drives:M0S90A
N9X91A,HP:Hard Drives:MSA Drives:N9X91A
N9X92A,HP:Hard Drives:MSA Drives:N9X92A
N9X93A,HP:Hard Drives:MSA Drives:N9X93A
N9X95A,HP:Hard Drives:MSA Drives:N9X95A
N9X96A,HP:Hard Drives:MSA Drives:N9X96A
Q2R42A,HP:Hard Drives:MSA Drives:Q2R42A
QK703A,HP:Hard Drives:MSA Drives:QK703A
QR477A,HP:Hard Drives:MSA Drives:QR477A
QR479A,HP:Hard Drives:MSA Drives:QR479A
R0Q21A,HP:Hard Drives:MSA Drives:R0Q21A
R0Q46A,HP:Hard Drives:MSA Drives:R0Q46A
R0Q47A,HP:Hard Drives:MSA Drives:R0Q47A
R0Q53A,HP:Hard Drives:MSA Drives:R0Q53A
R0Q57A,HP:Hard Drives:MSA Drives:R0Q57A
R0Q58A,HP:Hard Drives:MSA Drives:R0Q58A
R0Q59A,HP:Hard Drives:MSA Drives:R0Q59A
R0Q61A,HP:Hard Drives:MSA Drives:R0Q61A
P28352-B21,HP:Hard Drives:SAS Hard Drives:SFF BC SAS Hard Drives:P28352-B21
P28586-B21,HP:Hard Drives:SAS Hard Drives:SFF BC SAS Hard Drives:P28586-B21
P28610-B21,HP:Hard Drives:SAS Hard Drives:SFF BC SAS Hard Drives:P28610-B21
P28618-B21,HP:Hard Drives:SAS Hard Drives:SFF BC SAS Hard Drives:P28618-B21
P28622-B21,HP:Hard Drives:SAS Hard Drives:SFF BC SAS Hard Drives:P28622-B21
P40430-B21,HP:Hard Drives:SAS Hard Drives:SFF BC SAS Hard Drives:P40430-B21
P40432-B21,HP:Hard Drives:SAS Hard Drives:SFF BC SAS Hard Drives:P40432-B21
P53561-B21,HP:Hard Drives:SAS Hard Drives:SFF BC SAS Hard Drives:P53561-B21
375859-B21,HP:Hard Drives:SAS Hard Drives:SFF SAS Hard Drives:375859-B21
375861-B21,HP:Hard Drives:SAS Hard Drives:SFF SAS Hard Drives:375861-B21
384842-B21,HP:Hard Drives:SAS Hard Drives:SFF SAS Hard Drives:384842-B21
418367-B21,HP:Hard Drives:SAS Hard Drives:SFF SAS Hard Drives:418367-B21
418369-B21,HP:Hard Drives:SAS Hard Drives:SFF SAS Hard Drives:418369-B21
418371-B21,HP:Hard Drives:SAS Hard Drives:SFF SAS Hard Drives:418371-B21
431933-B21,HP:Hard Drives:SAS Hard Drives:SFF SAS Hard Drives:431933-B21
431935-B21,HP:Hard Drives:SAS Hard Drives:SFF SAS Hard Drives:431935-B21
431958-B21,HP:Hard Drives:SAS Hard Drives:SFF SAS Hard Drives:431958-B21
492620-B21,HP:Hard Drives:SAS Hard Drives:SFF SAS Hard Drives:492620-B21
504062-B21,HP:Hard Drives:SAS Hard Drives:SFF SAS Hard Drives:504062-B21
507125-B21,HP:Hard Drives:SAS Hard Drives:SFF SAS Hard Drives:507125-B21
507127-B21,HP:Hard Drives:SAS Hard Drives:SFF SAS Hard Drives:507127-B21
507610-B21,HP:Hard Drives:SAS Hard Drives:SFF SAS Hard Drives:507610-B21
512545-B21,HP:Hard Drives:SAS Hard Drives:SFF SAS Hard Drives:512545-B21
512547-B21,HP:Hard Drives:SAS Hard Drives:SFF SAS Hard Drives:512547-B21
581284-B21,HP:Hard Drives:SAS Hard Drives:SFF SAS Hard Drives:581284-B21
581286-B21,HP:Hard Drives:SAS Hard Drives:SFF SAS Hard Drives:581286-B21
605835-B21,HP:Hard Drives:SAS Hard Drives:SFF SAS Hard Drives:605835-B21
619291-B21,HP:Hard Drives:SAS Hard Drives:SFF SAS Hard Drives:619291-B21
627117-B21,HP:Hard Drives:SAS Hard Drives:SFF SAS Hard Drives:627117-B21
693648-B21,HP:Hard Drives:SAS Hard Drives:SFF SAS Hard Drives:693648-B21
718160-B21,HP:Hard Drives:SAS Hard Drives:SFF SAS Hard Drives:718160-B21
785075-B21,HP:Hard Drives:SAS Hard Drives:SFF SAS Hard Drives:785075-B21
785079-B21,HP:Hard Drives:SAS Hard Drives:SFF SAS Hard Drives:785079-B21
785099-B21,HP:Hard Drives:SAS Hard Drives:SFF SAS Hard Drives:785099-B21
785101-B21,HP:Hard Drives:SAS Hard Drives:SFF SAS Hard Drives:785101-B21
785103-B21,HP:Hard Drives:SAS Hard Drives:SFF SAS Hard Drives:785103-B21
384038-B21,HP:Hard Drives:SAS Hard Drives:SFF SAS NHP Hard Drives:384038-B21
432093-B21,HP:Hard Drives:SAS Hard Drives:SFF SAS NHP Hard Drives:432093-B21
436649-B21,HP:Hard Drives:SAS Hard Drives:SFF SAS NHP Hard Drives:436649-B21
537807-B21,HP:Hard Drives:SAS Hard Drives:SFF SAS NHP Hard Drives:537807-B21
590698-B21,HP:Hard Drives:SAS Hard Drives:SFF SAS NHP Hard Drives:590698-B21
375868-B21,HP:Hard Drives:SAS Hard Drives:LFF SAS Hard Drives:375868-B21
375870-B21,HP:Hard Drives:SAS Hard Drives:LFF SAS Hard Drives:375870-B21
375872-B21,HP:Hard Drives:SAS Hard Drives:LFF SAS Hard Drives:375872-B21
384852-B21,HP:Hard Drives:SAS Hard Drives:LFF SAS Hard Drives:384852-B21
384854-B21,HP:Hard Drives:SAS Hard Drives:LFF SAS Hard Drives:384854-B21
416127-B21,HP:Hard Drives:SAS Hard Drives:LFF SAS Hard Drives:416127-B21
431944-B21,HP:Hard Drives:SAS Hard Drives:LFF SAS Hard Drives:431944-B21
431950-B21,HP:Hard Drives:SAS Hard Drives:LFF SAS Hard Drives:431950-B21
432095-B21,HP:Hard Drives:SAS Hard Drives:LFF SAS Hard Drives:432095-B21
454232-B21,HP:Hard Drives:SAS Hard Drives:LFF SAS Hard Drives:454232-B21
459508-B21,HP:Hard Drives:SAS Hard Drives:LFF SAS Hard Drives:459508-B21
461135-B21,HP:Hard Drives:SAS Hard Drives:LFF SAS Hard Drives:461135-B21
461137-B21,HP:Hard Drives:SAS Hard Drives:LFF SAS Hard Drives:461137-B21
507614-B21,HP:Hard Drives:SAS Hard Drives:LFF SAS Hard Drives:507614-B21
507616-B21,HP:Hard Drives:SAS Hard Drives:LFF SAS Hard Drives:507616-B21
516814-B21,HP:Hard Drives:SAS Hard Drives:LFF SAS Hard Drives:516814-B21
516816-B21,HP:Hard Drives:SAS Hard Drives:LFF SAS Hard Drives:516816-B21
516828-B21,HP:Hard Drives:SAS Hard Drives:LFF SAS Hard Drives:516828-B21
625031-B21,HP:Hard Drives:SAS Hard Drives:LFF SAS Hard Drives:625031-B21
693689-B21,HP:Hard Drives:SAS Hard Drives:LFF SAS Hard Drives:693689-B21
782669-B21,HP:Hard Drives:SAS Hard Drives:LFF SAS Hard Drives:782669-B21
793701-B21,HP:Hard Drives:SAS Hard Drives:LFF SAS Hard Drives:793701-B21
516826-B21,HP:Hard Drives:SAS Hard Drives:LFF SAS NHP Hard Drives:516826-B21
585980-B21,HP:Hard Drives:SAS Hard Drives:LFF SAS Quick-release Hard Dr:585980-B21
833926-B21,HP:Hard Drives:SAS Hard Drives:Apollo LFF SAS HDD:833926-B21
833928-B21,HP:Hard Drives:SAS Hard Drives:Apollo LFF SAS HDD:833928-B21
861744-B21,HP:Hard Drives:SAS Hard Drives:Apollo LFF SAS HDD:861744-B21
881781-B21,HP:Hard Drives:SAS Hard Drives:Apollo LFF SAS HDD:881781-B21
P09155-B21,HP:Hard Drives:SAS Hard Drives:Apollo LFF SAS HDD:P09155-B21
P23608-B21,HP:Hard Drives:SAS Hard Drives:Apollo LFF SAS HDD:P23608-B21
P37669-B21,HP:Hard Drives:SAS Hard Drives:Apollo LFF SAS HDD:P37669-B21
861681-B21,HP:Hard Drives:SAS Hard Drives:Apollo LFF SATA HDD:861681-B21
861686-B21,HP:Hard Drives:SAS Hard Drives:Apollo LFF SATA HDD:861686-B21
861742-B21,HP:Hard Drives:SAS Hard Drives:Apollo LFF SATA HDD:861742-B21
881787-B21,HP:Hard Drives:SAS Hard Drives:Apollo LFF SATA HDD:881787-B21
652564-B21,HP:Hard Drives:SAS Hard Drives:Gen8 SFF SAS SmartDrive HDD:652564-B21
652572-B21,HP:Hard Drives:SAS Hard Drives:Gen8 SFF SAS SmartDrive HDD:652572-B21
652583-B21,HP:Hard Drives:SAS Hard Drives:Gen8 SFF SAS SmartDrive HDD:652583-B21
652589-B21,HP:Hard Drives:SAS Hard Drives:Gen8 SFF SAS SmartDrive HDD:652589-B21
652597-B21,HP:Hard Drives:SAS Hard Drives:Gen8 SFF SAS SmartDrive HDD:652597-B21
652605-B21,HP:Hard Drives:SAS Hard Drives:Gen8 SFF SAS SmartDrive HDD:652605-B21
652611-B21,HP:Hard Drives:SAS Hard Drives:Gen8 SFF SAS SmartDrive HDD:652611-B21
652745-B21,HP:Hard Drives:SAS Hard Drives:Gen8 SFF SAS SmartDrive HDD:652745-B21
652749-B21,HP:Hard Drives:SAS Hard Drives:Gen8 SFF SAS SmartDrive HDD:652749-B21
697574-B21,HP:Hard Drives:SAS Hard Drives:Gen8 SFF SAS SmartDrive HDD:697574-B21
718162-B21,HP:Hard Drives:SAS Hard Drives:Gen8 SFF SAS SmartDrive HDD:718162-B21
748387-B21,HP:Hard Drives:SAS Hard Drives:Gen8 SFF SAS SmartDrive HDD:748387-B21
759208-B21,HP:Hard Drives:SAS Hard Drives:Gen8 SFF SAS SmartDrive HDD:759208-B21
759210-B21,HP:Hard Drives:SAS Hard Drives:Gen8 SFF SAS SmartDrive HDD:759210-B21
759212-B21,HP:Hard Drives:SAS Hard Drives:Gen8 SFF SAS SmartDrive HDD:759212-B21
765464-B21,HP:Hard Drives:SAS Hard Drives:Gen8 SFF SAS SmartDrive HDD:765464-B21
765466-B21,HP:Hard Drives:SAS Hard Drives:Gen8 SFF SAS SmartDrive HDD:765466-B21
781516-B21,HP:Hard Drives:SAS Hard Drives:Gen8 SFF SAS SmartDrive HDD:781516-B21
781518-B21,HP:Hard Drives:SAS Hard Drives:Gen8 SFF SAS SmartDrive HDD:781518-B21
785069-B21,HP:Hard Drives:SAS Hard Drives:Gen8 SFF SAS SmartDrive HDD:785069-B21
791034-B21,HP:Hard Drives:SAS Hard Drives:Gen8 SFF SAS SmartDrive HDD:791034-B21
832514-B21,HP:Hard Drives:SAS Hard Drives:Gen8 SFF SAS SmartDrive HDD:832514-B21
870753-B21,HP:Hard Drives:SAS Hard Drives:Gen8 SFF SAS SmartDrive HDD:870753-B21
870757-B21,HP:Hard Drives:SAS Hard Drives:Gen8 SFF SAS SmartDrive HDD:870757-B21
870759-B21,HP:Hard Drives:SAS Hard Drives:Gen8 SFF SAS SmartDrive HDD:870759-B21
870765-B21,HP:Hard Drives:SAS Hard Drives:Gen8 SFF SAS SmartDrive HDD:870765-B21
872475-B21,HP:Hard Drives:SAS Hard Drives:Gen8 SFF SAS SmartDrive HDD:872475-B21
872477-B21,HP:Hard Drives:SAS Hard Drives:Gen8 SFF SAS SmartDrive HDD:872477-B21
872479-B21,HP:Hard Drives:SAS Hard Drives:Gen8 SFF SAS SmartDrive HDD:872479-B21
872481-B21,HP:Hard Drives:SAS Hard Drives:Gen8 SFF SAS SmartDrive HDD:872481-B21
881457-B21,HP:Hard Drives:SAS Hard Drives:Gen8 SFF SAS SmartDrive HDD:881457-B21
652615-B21,HP:Hard Drives:SAS Hard Drives:Gen8 LFF SAS SmartDrive HDD:652615-B21
652620-B21,HP:Hard Drives:SAS Hard Drives:Gen8 LFF SAS SmartDrive HDD:652620-B21
652753-B21,HP:Hard Drives:SAS Hard Drives:Gen8 LFF SAS SmartDrive HDD:652753-B21
652757-B21,HP:Hard Drives:SAS Hard Drives:Gen8 LFF SAS SmartDrive HDD:652757-B21
652766-B21,HP:Hard Drives:SAS Hard Drives:Gen8 LFF SAS SmartDrive HDD:652766-B21
695510-B21,HP:Hard Drives:SAS Hard Drives:Gen8 LFF SAS SmartDrive HDD:695510-B21
737261-B21,HP:Hard Drives:SAS Hard Drives:Gen8 LFF SAS SmartDrive HDD:737261-B21
737390-B21,HP:Hard Drives:SAS Hard Drives:Gen8 LFF SAS SmartDrive HDD:737390-B21
737392-B21,HP:Hard Drives:SAS Hard Drives:Gen8 LFF SAS SmartDrive HDD:737392-B21
737394-B21,HP:Hard Drives:SAS Hard Drives:Gen8 LFF SAS SmartDrive HDD:737394-B21
737396-B21,HP:Hard Drives:SAS Hard Drives:Gen8 LFF SAS SmartDrive HDD:737396-B21
761477-B21,HP:Hard Drives:SAS Hard Drives:Gen8 LFF SAS SmartDrive HDD:761477-B21
765259-B21,HP:Hard Drives:SAS Hard Drives:Gen8 LFF SAS SmartDrive HDD:765259-B21
765424-B21,HP:Hard Drives:SAS Hard Drives:Gen8 LFF SAS SmartDrive HDD:765424-B21
793669-B21,HP:Hard Drives:SAS Hard Drives:Gen8 LFF SAS SmartDrive HDD:793669-B21
793699-B21,HP:Hard Drives:SAS Hard Drives:Gen8 LFF SAS SmartDrive HDD:793699-B21
818367-B21,HP:Hard Drives:SAS Hard Drives:Gen8 LFF SAS SmartDrive HDD:818367-B21
819201-B21,HP:Hard Drives:SAS Hard Drives:Gen8 LFF SAS SmartDrive HDD:819201-B21
834031-B21,HP:Hard Drives:SAS Hard Drives:Gen8 LFF SAS SmartDrive HDD:834031-B21
846524-B21,HP:Hard Drives:SAS Hard Drives:Gen8 LFF SAS SmartDrive HDD:846524-B21
846528-B21,HP:Hard Drives:SAS Hard Drives:Gen8 LFF SAS SmartDrive HDD:846528-B21
861590-B21,HP:Hard Drives:SAS Hard Drives:Gen8 LFF SAS SmartDrive HDD:861590-B21
861592-B21,HP:Hard Drives:SAS Hard Drives:Gen8 LFF SAS SmartDrive HDD:861592-B21
872485-B21,HP:Hard Drives:SAS Hard Drives:Gen8 LFF SAS SmartDrive HDD:872485-B21
872487-B21,HP:Hard Drives:SAS Hard Drives:Gen8 LFF SAS SmartDrive HDD:872487-B21
881779-B21,HP:Hard Drives:SAS Hard Drives:Gen8 LFF SAS SmartDrive HDD:881779-B21
P04693-B21,HP:Hard Drives:SAS Hard Drives:Gen8 LFF SAS SmartDrive HDD:P04693-B21
P04695-B21,HP:Hard Drives:SAS Hard Drives:Gen8 LFF SAS SmartDrive HDD:P04695-B21
P09153-B21,HP:Hard Drives:SAS Hard Drives:Gen8 LFF SAS SmartDrive HDD:P09153-B21
P23863-B21,HP:Hard Drives:SAS Hard Drives:Gen8 LFF SAS SmartDrive HDD:P23863-B21
P28500-B21,HP:Hard Drives:SATA Hard Drives:SFF BC SATA Hard Drives:P28500-B21
379306-B21,HP:Hard Drives:SATA Hard Drives:SFF SATA Hard Drives:379306-B21
431786-B21,HP:Hard Drives:SATA Hard Drives:SFF SATA Hard Drives:431786-B21
458924-B21,HP:Hard Drives:SATA Hard Drives:SFF SATA Hard Drives:458924-B21
460355-B21,HP:Hard Drives:SATA Hard Drives:SFF SATA Hard Drives:460355-B21
507750-B21,HP:Hard Drives:SATA Hard Drives:SFF SATA Hard Drives:507750-B21
530888-B21,HP:Hard Drives:SATA Hard Drives:SFF SATA Hard Drives:530888-B21
625609-B21,HP:Hard Drives:SATA Hard Drives:SFF SATA Hard Drives:625609-B21
628033-B21,HP:Hard Drives:SATA Hard Drives:SFF SATA NHP Hard Drives:628033-B21
574953-B21,HP:Hard Drives:SATA Hard Drives:SFF SATA Quick-release Hard Dr:574953-B21
572071-B21,HP:Hard Drives:SATA Hard Drives:SFF SSD SATA Hard Drives:572071-B21
572073-B21,HP:Hard Drives:SATA Hard Drives:SFF SSD SATA Hard Drives:572073-B21
572077-B21,HP:Hard Drives:SATA Hard Drives:SFF SSD SATA Hard Drives:572077-B21
789145-B21,HP:Hard Drives:SATA Hard Drives:SFF SSD SATA Hard Drives:789145-B21
789155-B21,HP:Hard Drives:SATA Hard Drives:SFF SSD SATA Hard Drives:789155-B21
349237-B21,HP:Hard Drives:SATA Hard Drives:LFF SATA Hard Drives:349237-B21
349238-B21,HP:Hard Drives:SATA Hard Drives:LFF SATA Hard Drives:349238-B21
349239-B21,HP:Hard Drives:SATA Hard Drives:LFF SATA Hard Drives:349239-B21
395473-B21,HP:Hard Drives:SATA Hard Drives:LFF SATA Hard Drives:395473-B21
432341-B21,HP:Hard Drives:SATA Hard Drives:LFF SATA Hard Drives:432341-B21
454146-B21,HP:Hard Drives:SATA Hard Drives:LFF SATA Hard Drives:454146-B21
458926-B21,HP:Hard Drives:SATA Hard Drives:LFF SATA Hard Drives:458926-B21
458928-B21,HP:Hard Drives:SATA Hard Drives:LFF SATA Hard Drives:458928-B21
458930-B21,HP:Hard Drives:SATA Hard Drives:LFF SATA Hard Drives:458930-B21
458945-B21,HP:Hard Drives:SATA Hard Drives:LFF SATA Hard Drives:458945-B21
507632-B21,HP:Hard Drives:SATA Hard Drives:LFF SATA Hard Drives:507632-B21
571230-B21,HP:Hard Drives:SATA Hard Drives:LFF SATA Hard Drives:571230-B21
628059-B21,HP:Hard Drives:SATA Hard Drives:LFF SATA Hard Drives:628059-B21
694374-B21,HP:Hard Drives:SATA Hard Drives:LFF SATA Hard Drives:694374-B21
383410-B21,HP:Hard Drives:SATA Hard Drives:LFF SATA NHP Hard Drives:383410-B21
404469-B21,HP:Hard Drives:SATA Hard Drives:LFF SATA NHP Hard Drives:404469-B21
411275-B21,HP:Hard Drives:SATA Hard Drives:LFF SATA NHP Hard Drives:411275-B21
411276-B21,HP:Hard Drives:SATA Hard Drives:LFF SATA NHP Hard Drives:411276-B21
458939-B21,HP:Hard Drives:SATA Hard Drives:LFF SATA NHP Hard Drives:458939-B21
458941-B21,HP:Hard Drives:SATA Hard Drives:LFF SATA NHP Hard Drives:458941-B21
458947-B21,HP:Hard Drives:SATA Hard Drives:LFF SATA NHP Hard Drives:458947-B21
462595-B21,HP:Hard Drives:SATA Hard Drives:LFF SATA NHP Hard Drives:462595-B21
507772-B21,HP:Hard Drives:SATA Hard Drives:LFF SATA NHP Hard Drives:507772-B21
507774-B21,HP:Hard Drives:SATA Hard Drives:LFF SATA NHP Hard Drives:507774-B21
571232-B21,HP:Hard Drives:SATA Hard Drives:LFF SATA NHP Hard Drives:571232-B21
628063-B21,HP:Hard Drives:SATA Hard Drives:LFF SATA NHP Hard Drives:628063-B21
628065-B21,HP:Hard Drives:SATA Hard Drives:LFF SATA NHP Hard Drives:628065-B21
659339-B21,HP:Hard Drives:SATA Hard Drives:LFF SATA NHP Hard Drives:659339-B21
801882-B21,HP:Hard Drives:SATA Hard Drives:LFF SATA NHP Hard Drives:801882-B21
801884-B21,HP:Hard Drives:SATA Hard Drives:LFF SATA NHP Hard Drives:801884-B21
672621-B21,HP:Hard Drives:SATA Hard Drives:LFF SATA Quick-release Hard Dr:672621-B21
632080-B21,HP:Hard Drives:SATA Hard Drives:Gen8 SFF SATA SmartDrive HDD:632080-B21
655708-B21,HP:Hard Drives:SATA Hard Drives:Gen8 SFF SATA SmartDrive HDD:655708-B21
655710-B21,HP:Hard Drives:SATA Hard Drives:Gen8 SFF SATA SmartDrive HDD:655710-B21
765453-B21,HP:Hard Drives:SATA Hard Drives:Gen8 SFF SATA SmartDrive HDD:765453-B21
765455-B21,HP:Hard Drives:SATA Hard Drives:Gen8 SFF SATA SmartDrive HDD:765455-B21
861750-B21,HP:Hard Drives:SATA Hard Drives:Gen8 SFF SATA SmartDrive HDD:861750-B21
659337-B21,HP:Hard Drives:SATA Hard Drives:Gen8 LFF SATA NHP Hard Drives:659337-B21
801888-B21,HP:Hard Drives:SATA Hard Drives:Gen8 LFF SATA NHP Hard Drives:801888-B21
628061-B21,HP:Hard Drives:SATA Hard Drives:Gen8 LFF SATA SmartDrive HDD:628061-B21
657750-B21,HP:Hard Drives:SATA Hard Drives:Gen8 LFF SATA SmartDrive HDD:657750-B21
658071-B21,HP:Hard Drives:SATA Hard Drives:Gen8 LFF SATA SmartDrive HDD:658071-B21
658079-B21,HP:Hard Drives:SATA Hard Drives:Gen8 LFF SATA SmartDrive HDD:658079-B21
693687-B21,HP:Hard Drives:SATA Hard Drives:Gen8 LFF SATA SmartDrive HDD:693687-B21
753874-B21,HP:Hard Drives:SATA Hard Drives:Gen8 LFF SATA SmartDrive HDD:753874-B21
765253-B21,HP:Hard Drives:SATA Hard Drives:Gen8 LFF SATA SmartDrive HDD:765253-B21
765255-B21,HP:Hard Drives:SATA Hard Drives:Gen8 LFF SATA SmartDrive HDD:765255-B21
765257-B21,HP:Hard Drives:SATA Hard Drives:Gen8 LFF SATA SmartDrive HDD:765257-B21
793695-B21,HP:Hard Drives:SATA Hard Drives:Gen8 LFF SATA SmartDrive HDD:793695-B21
819203-B21,HP:Hard Drives:SATA Hard Drives:Gen8 LFF SATA SmartDrive HDD:819203-B21
834028-B21,HP:Hard Drives:SATA Hard Drives:Gen8 LFF SATA SmartDrive HDD:834028-B21
846510-B21,HP:Hard Drives:SATA Hard Drives:Gen8 LFF SATA SmartDrive HDD:846510-B21
857646-B21,HP:Hard Drives:SATA Hard Drives:Gen8 LFF SATA SmartDrive HDD:857646-B21
857648-B21,HP:Hard Drives:SATA Hard Drives:Gen8 LFF SATA SmartDrive HDD:857648-B21
857650-B21,HP:Hard Drives:SATA Hard Drives:Gen8 LFF SATA SmartDrive HDD:857650-B21
861678-B21,HP:Hard Drives:SATA Hard Drives:Gen8 LFF SATA SmartDrive HDD:861678-B21
861683-B21,HP:Hard Drives:SATA Hard Drives:Gen8 LFF SATA SmartDrive HDD:861683-B21
861691-B21,HP:Hard Drives:SATA Hard Drives:Gen8 LFF SATA SmartDrive HDD:861691-B21
861754-B21,HP:Hard Drives:SATA Hard Drives:Gen8 LFF SATA SmartDrive HDD:861754-B21
872489-B21,HP:Hard Drives:SATA Hard Drives:Gen8 LFF SATA SmartDrive HDD:872489-B21
872491-B21,HP:Hard Drives:SATA Hard Drives:Gen8 LFF SATA SmartDrive HDD:872491-B21
881785-B21,HP:Hard Drives:SATA Hard Drives:Gen8 LFF SATA SmartDrive HDD:881785-B21
570761-B21,HP:Hard Drives:SSD Solid State Drives:570761-B21
653105-B21,HP:Hard Drives:SSD Solid State Drives:653105-B21
653112-B21,HP:Hard Drives:SSD Solid State Drives:653112-B21
690825-B21,HP:Hard Drives:SSD Solid State Drives:690825-B21
691856-B21,HP:Hard Drives:SSD Solid State Drives:691856-B21
691862-B21,HP:Hard Drives:SSD Solid State Drives:691862-B21
691864-B21,HP:Hard Drives:SSD Solid State Drives:691864-B21
691866-B21,HP:Hard Drives:SSD Solid State Drives:691866-B21
691868-B21,HP:Hard Drives:SSD Solid State Drives:691868-B21
717969-B21,HP:Hard Drives:SSD Solid State Drives:717969-B21
717971-B21,HP:Hard Drives:SSD Solid State Drives:717971-B21
717973-B21,HP:Hard Drives:SSD Solid State Drives:717973-B21
718171-B21,HP:Hard Drives:SSD Solid State Drives:718171-B21
718183-B21,HP:Hard Drives:SSD Solid State Drives:718183-B21
718189-B21,HP:Hard Drives:SSD Solid State Drives:718189-B21
734360-B21,HP:Hard Drives:SSD Solid State Drives:734360-B21
739898-B21,HP:Hard Drives:SSD Solid State Drives:739898-B21
741138-B21,HP:Hard Drives:SSD Solid State Drives:741138-B21
741142-B21,HP:Hard Drives:SSD Solid State Drives:741142-B21
741151-B21,HP:Hard Drives:SSD Solid State Drives:741151-B21
741155-B21,HP:Hard Drives:SSD Solid State Drives:741155-B21
741159-B21,HP:Hard Drives:SSD Solid State Drives:741159-B21
756601-B21,HP:Hard Drives:SSD Solid State Drives:756601-B21
756621-B21,HP:Hard Drives:SSD Solid State Drives:756621-B21
756657-B21,HP:Hard Drives:SSD Solid State Drives:756657-B21
762261-B21,HP:Hard Drives:SSD Solid State Drives:762261-B21
762263-B21,HP:Hard Drives:SSD Solid State Drives:762263-B21
764906-B21,HP:Hard Drives:SSD Solid State Drives:764906-B21
765044-B21,HP:Hard Drives:SSD Solid State Drives:765044-B21
779164-B21,HP:Hard Drives:SSD Solid State Drives:779164-B21
779168-B21,HP:Hard Drives:SSD Solid State Drives:779168-B21
779172-B21,HP:Hard Drives:SSD Solid State Drives:779172-B21
802582-B21,HP:Hard Drives:SSD Solid State Drives:802582-B21
804581-B21,HP:Hard Drives:SSD Solid State Drives:804581-B21
804605-B21,HP:Hard Drives:SSD Solid State Drives:804605-B21
804613-B21,HP:Hard Drives:SSD Solid State Drives:804613-B21
804625-B21,HP:Hard Drives:SSD Solid State Drives:804625-B21
804631-B21,HP:Hard Drives:SSD Solid State Drives:804631-B21
804671-B21,HP:Hard Drives:SSD Solid State Drives:804671-B21
816562-B21,HP:Hard Drives:SSD Solid State Drives:816562-B21
816879-B21,HP:Hard Drives:SSD Solid State Drives:816879-B21
816889-B21,HP:Hard Drives:SSD Solid State Drives:816889-B21
816919-B21,HP:Hard Drives:SSD Solid State Drives:816919-B21
816965-B21,HP:Hard Drives:SSD Solid State Drives:816965-B21
816995-B21,HP:Hard Drives:SSD Solid State Drives:816995-B21
816999-B21,HP:Hard Drives:SSD Solid State Drives:816999-B21
817011-B21,HP:Hard Drives:SSD Solid State Drives:817011-B21
822559-B21,HP:Hard Drives:SSD Solid State Drives:822559-B21
868818-B21,HP:Hard Drives:SSD Solid State Drives:868818-B21
868822-B21,HP:Hard Drives:SSD Solid State Drives:868822-B21
868826-B21,HP:Hard Drives:SSD Solid State Drives:868826-B21
869374-B21,HP:Hard Drives:SSD Solid State Drives:869374-B21
869384-B21,HP:Hard Drives:SSD Solid State Drives:869384-B21
872344-B21,HP:Hard Drives:SSD Solid State Drives:872344-B21
872348-B21,HP:Hard Drives:SSD Solid State Drives:872348-B21
872350-B21,HP:Hard Drives:SSD Solid State Drives:872350-B21
872352-B21,HP:Hard Drives:SSD Solid State Drives:872352-B21
872374-B21,HP:Hard Drives:SSD Solid State Drives:872374-B21
872376-B21,HP:Hard Drives:SSD Solid State Drives:872376-B21
872382-B21,HP:Hard Drives:SSD Solid State Drives:872382-B21
872386-B21,HP:Hard Drives:SSD Solid State Drives:872386-B21
873359-B21,HP:Hard Drives:SSD Solid State Drives:873359-B21
873363-B21,HP:Hard Drives:SSD Solid State Drives:873363-B21
873367-B21,HP:Hard Drives:SSD Solid State Drives:873367-B21
875311-B21,HP:Hard Drives:SSD Solid State Drives:875311-B21
875313-B21,HP:Hard Drives:SSD Solid State Drives:875313-B21
875470-B21,HP:Hard Drives:SSD Solid State Drives:875470-B21
875478-B21,HP:Hard Drives:SSD Solid State Drives:875478-B21
875483-B21,HP:Hard Drives:SSD Solid State Drives:875483-B21
875488-B21,HP:Hard Drives:SSD Solid State Drives:875488-B21
875490-B21,HP:Hard Drives:SSD Solid State Drives:875490-B21
875492-B21,HP:Hard Drives:SSD Solid State Drives:875492-B21
875494-B21,HP:Hard Drives:SSD Solid State Drives:875494-B21
875503-B21,HP:Hard Drives:SSD Solid State Drives:875503-B21
875513-B21,HP:Hard Drives:SSD Solid State Drives:875513-B21
877740-B21,HP:Hard Drives:SSD Solid State Drives:877740-B21
877752-B21,HP:Hard Drives:SSD Solid State Drives:877752-B21
877782-B21,HP:Hard Drives:SSD Solid State Drives:877782-B21
P00896-B21,HP:Hard Drives:SSD Solid State Drives:P00896-B21
P04478-B21,HP:Hard Drives:SSD Solid State Drives:P04478-B21
P04517-B21,HP:Hard Drives:SSD Solid State Drives:P04517-B21
P04525-B21,HP:Hard Drives:SSD Solid State Drives:P04525-B21
P04527-B21,HP:Hard Drives:SSD Solid State Drives:P04527-B21
P04537-B21,HP:Hard Drives:SSD Solid State Drives:P04537-B21
P04541-B21,HP:Hard Drives:SSD Solid State Drives:P04541-B21
P04545-B21,HP:Hard Drives:SSD Solid State Drives:P04545-B21
P04556-B21,HP:Hard Drives:SSD Solid State Drives:P04556-B21
P04560-B21,HP:Hard Drives:SSD Solid State Drives:P04560-B21
P04564-B21,HP:Hard Drives:SSD Solid State Drives:P04564-B21
P05938-B21,HP:Hard Drives:SSD Solid State Drives:P05938-B21
P05986-B21,HP:Hard Drives:SSD Solid State Drives:P05986-B21
P06194-B21,HP:Hard Drives:SSD Solid State Drives:P06194-B21
P06198-B21,HP:Hard Drives:SSD Solid State Drives:P06198-B21
P06586-B21,HP:Hard Drives:SSD Solid State Drives:P06586-B21
P07922-B21,HP:Hard Drives:SSD Solid State Drives:P07922-B21
P07924-B21,HP:Hard Drives:SSD Solid State Drives:P07924-B21
P09090-B21,HP:Hard Drives:SSD Solid State Drives:P09090-B21
P09092-B21,HP:Hard Drives:SSD Solid State Drives:P09092-B21
P09094-B21,HP:Hard Drives:SSD Solid State Drives:P09094-B21
P09096-B21,HP:Hard Drives:SSD Solid State Drives:P09096-B21
P09102-B21,HP:Hard Drives:SSD Solid State Drives:P09102-B21
P09687-B21,HP:Hard Drives:SSD Solid State Drives:P09687-B21
P09693-B21,HP:Hard Drives:SSD Solid State Drives:P09693-B21
P09712-B21,HP:Hard Drives:SSD Solid State Drives:P09712-B21
P09716-B21,HP:Hard Drives:SSD Solid State Drives:P09716-B21
P09724-B21,HP:Hard Drives:SSD Solid State Drives:P09724-B21
P10440-B21,HP:Hard Drives:SSD Solid State Drives:P10440-B21
P10444-B21,HP:Hard Drives:SSD Solid State Drives:P10444-B21
P10454-B21,HP:Hard Drives:SSD Solid State Drives:P10454-B21
P13668-B21,HP:Hard Drives:SSD Solid State Drives:P13668-B21
P13678-B21,HP:Hard Drives:SSD Solid State Drives:P13678-B21
P18420-B21,HP:Hard Drives:SSD Solid State Drives:P18420-B21
P18422-B21,HP:Hard Drives:SSD Solid State Drives:P18422-B21
P18424-B21,HP:Hard Drives:SSD Solid State Drives:P18424-B21
P18426-B21,HP:Hard Drives:SSD Solid State Drives:P18426-B21
P18432-B21,HP:Hard Drives:SSD Solid State Drives:P18432-B21
P18434-B21,HP:Hard Drives:SSD Solid State Drives:P18434-B21
P18436-B21,HP:Hard Drives:SSD Solid State Drives:P18436-B21
P18438-B21,HP:Hard Drives:SSD Solid State Drives:P18438-B21
P19892-B21,HP:Hard Drives:SSD Solid State Drives:P19892-B21
P19913-B21,HP:Hard Drives:SSD Solid State Drives:P19913-B21
P19915-B21,HP:Hard Drives:SSD Solid State Drives:P19915-B21
P19937-B21,HP:Hard Drives:SSD Solid State Drives:P19937-B21
P21131-B21,HP:Hard Drives:SSD Solid State Drives:P21131-B21
P21135-B21,HP:Hard Drives:SSD Solid State Drives:P21135-B21
P21141-B21,HP:Hard Drives:SSD Solid State Drives:P21141-B21
P22270-B21,HP:Hard Drives:SSD Solid State Drives:P22270-B21
P22272-B21,HP:Hard Drives:SSD Solid State Drives:P22272-B21
P22274-B21,HP:Hard Drives:SSD Solid State Drives:P22274-B21
P22583-B21,HP:Hard Drives:SSD Solid State Drives:P22583-B21
P24188-B21,HP:Hard Drives:SSD Solid State Drives:P24188-B21
P26290-B21,HP:Hard Drives:SSD Solid State Drives:P26290-B21
P26354-B21,HP:Hard Drives:SSD Solid State Drives:P26354-B21
P26376-B21,HP:Hard Drives:SSD Solid State Drives:P26376-B21
P36999-B21,HP:Hard Drives:SSD Solid State Drives:P36999-B21
P37003-B21,HP:Hard Drives:SSD Solid State Drives:P37003-B21
P37005-B21,HP:Hard Drives:SSD Solid State Drives:P37005-B21
P37011-B21,HP:Hard Drives:SSD Solid State Drives:P37011-B21
P37013-B21,HP:Hard Drives:SSD Solid State Drives:P37013-B21
P40497-B21,HP:Hard Drives:SSD Solid State Drives:P40497-B21
P40498-B21,HP:Hard Drives:SSD Solid State Drives:P40498-B21
P40500-B21,HP:Hard Drives:SSD Solid State Drives:P40500-B21
P40502-B21,HP:Hard Drives:SSD Solid State Drives:P40502-B21
P40503-B21,HP:Hard Drives:SSD Solid State Drives:P40503-B21
P40504-B21,HP:Hard Drives:SSD Solid State Drives:P40504-B21
P40507-B21,HP:Hard Drives:SSD Solid State Drives:P40507-B21
P40509-B21,HP:Hard Drives:SSD Solid State Drives:P40509-B21
P40510-B21,HP:Hard Drives:SSD Solid State Drives:P40510-B21
P40511-B21,HP:Hard Drives:SSD Solid State Drives:P40511-B21
P40512-B21,HP:Hard Drives:SSD Solid State Drives:P40512-B21
P40572-B21,HP:Hard Drives:SSD Solid State Drives:P40572-B21
P41404-B21,HP:Hard Drives:SSD Solid State Drives:P41404-B21
P42124-B21,HP:Hard Drives:SSD Solid State Drives:P42124-B21
P47808-B21,HP:Hard Drives:SSD Solid State Drives:P47808-B21
P47838-B21,HP:Hard Drives:SSD Solid State Drives:P47838-B21
P47839-B21,HP:Hard Drives:SSD Solid State Drives:P47839-B21
P49030-B21,HP:Hard Drives:SSD Solid State Drives:P49030-B21
P49034-B21,HP:Hard Drives:SSD Solid State Drives:P49034-B21
P49046-B21,HP:Hard Drives:SSD Solid State Drives:P49046-B21
P49048-B21,HP:Hard Drives:SSD Solid State Drives:P49048-B21
P49049-B21,HP:Hard Drives:SSD Solid State Drives:P49049-B21
P49052-B21,HP:Hard Drives:SSD Solid State Drives:P49052-B21
P49053-B21,HP:Hard Drives:SSD Solid State Drives:P49053-B21
P49056-B21,HP:Hard Drives:SSD Solid State Drives:P49056-B21
P49057-B21,HP:Hard Drives:SSD Solid State Drives:P49057-B21
P50230-B21,HP:Hard Drives:SSD Solid State Drives:P50230-B21
R3R30A,HP:Hard Drives:SSD Solid State Drives:R3R30A
673644-B21,HP:I/O Accelerator Options:673644-B21
128278-B21,HP:Memory:128278-B21
128279-B21,HP:Memory:128279-B21
128280-B21,HP:Memory:128280-B21
177628-001,HP:Memory:177628-001
187419-B21,HP:Memory:187419-B21
187420-B21,HP:Memory:187420-B21
187421-B21,HP:Memory:187421-B21
201694-B21,HP:Memory:201694-B21
201695-B21,HP:Memory:201695-B21
202171-B21,HP:Memory:202171-B21
202172-B21,HP:Memory:202172-B21
202173-B21,HP:Memory:202173-B21
203320-B21,HP:Memory:203320-B21
236844-B21,HP:Memory:236844-B21
236853-B21,HP:Memory:236853-B21
236854-B21,HP:Memory:236854-B21
241774-B21,HP:Memory:241774-B21
287494-B21,HP:Memory:287494-B21
287496-B21,HP:Memory:287496-B21
287497-B21,HP:Memory:287497-B21
300678-B21,HP:Memory:300678-B21
300679-B21,HP:Memory:300679-B21
300680-B21,HP:Memory:300680-B21
300682-B21,HP:Memory:300682-B21
301044-B21,HP:Memory:301044-B21
313615-B21,HP:Memory:313615-B21
313617-B21,HP:Memory:313617-B21
328583-B21,HP:Memory:328583-B21
328808-B21,HP:Memory:328808-B21
343055-B21,HP:Memory:343055-B21
343056-B21,HP:Memory:343056-B21
343057-B21,HP:Memory:343057-B21
348106-B21,HP:Memory:348106-B21
348107-B21,HP:Memory:348107-B21
351109-B21,HP:Memory:351109-B21
354560-B21,HP:Memory:354560-B21
354563-B21,HP:Memory:354563-B21
358347-B21,HP:Memory:358347-B21
358348-B21,HP:Memory:358348-B21
358349-B21,HP:Memory:358349-B21
361038-B21,HP:Memory:361038-B21
364639-B21,HP:Memory:364639-B21
371049-B21,HP:Memory:371049-B21
375004-B21,HP:Memory:375004-B21
376639-B21,HP:Memory:376639-B21
379300-B21,HP:Memory:379300-B21
384163-B21,HP:Memory:384163-B21
390824-B21,HP:Memory:390824-B21
390825-B21,HP:Memory:390825-B21
393354-B21,HP:Memory:393354-B21
395409-B21,HP:Memory:395409-B21
397409-B21,HP:Memory:397409-B21
397411-B21,HP:Memory:397411-B21
397413-B21,HP:Memory:397413-B21
397415-B21,HP:Memory:397415-B21
403702-B21,HP:Memory:403702-B21
403766-B21,HP:Memory:403766-B21
404122-B21,HP:Memory:404122-B21
408851-B21,HP:Memory:408851-B21
408853-B21,HP:Memory:408853-B21
408854-B21,HP:Memory:408854-B21
410061-B21,HP:Memory:410061-B21
413015-B21,HP:Memory:413015-B21
413507-B21,HP:Memory:413507-B21
416107-001,HP:Memory:416107-001
432803-B21,HP:Memory:432803-B21
432804-B21,HP:Memory:432804-B21
432806-B21,HP:Memory:432806-B21
450259-B21,HP:Memory:450259-B21
450260-B21,HP:Memory:450260-B21
452179-B21,HP:Memory:452179-B21
461826-B21,HP:Memory:461826-B21
461828-B21,HP:Memory:461828-B21
461840-B21,HP:Memory:461840-B21
466440-B21,HP:Memory:466440-B21
483401-B21,HP:Memory:483401-B21
483403-B21,HP:Memory:483403-B21
495604-B21,HP:Memory:495604-B21
495605-B21,HP:Memory:495605-B21
497765-B21,HP:Memory:497765-B21
497767-B21,HP:Memory:497767-B21
500656-B21,HP:Memory:500656-B21
500658-B21,HP:Memory:500658-B21
500660-B21,HP:Memory:500660-B21
500662-B21,HP:Memory:500662-B21
500666-B21,HP:Memory:500666-B21
500668-B21,HP:Memory:500668-B21
500670-B21,HP:Memory:500670-B21
500672-B21,HP:Memory:500672-B21
516423-B21,HP:Memory:516423-B21
588141-B21,HP:Memory:588141-B21
593339-B21,HP:Memory:593339-B21
593907-B21,HP:Memory:593907-B21
593913-B21,HP:Memory:593913-B21
593915-B21,HP:Memory:593915-B21
604502-B21,HP:Memory:604502-B21
604504-B21,HP:Memory:604504-B21
604506-B21,HP:Memory:604506-B21
627808-B21,HP:Memory:627808-B21
627810-B21,HP:Memory:627810-B21
627812-B21,HP:Memory:627812-B21
627814-B21,HP:Memory:627814-B21
644172-B21,HP:Memory:644172-B21
647877-B21,HP:Memory:647877-B21
647879-B21,HP:Memory:647879-B21
647883-B21,HP:Memory:647883-B21
647893-B21,HP:Memory:647893-B21
647895-B21,HP:Memory:647895-B21
647897-B21,HP:Memory:647897-B21
647899-B21,HP:Memory:647899-B21
647901-B21,HP:Memory:647901-B21
647903-B21,HP:Memory:647903-B21
647905-B21,HP:Memory:647905-B21
647907-B21,HP:Memory:647907-B21
647909-B21,HP:Memory:647909-B21
669322-B21,HP:Memory:669322-B21
669324-B21,HP:Memory:669324-B21
672631-B21,HP:Memory:672631-B21
672633-B21,HP:Memory:672633-B21
677034-001,HP:Memory:677034-001
684066-B21,HP:Memory:684066-B21
690802-B21,HP:Memory:690802-B21
695793-B21,HP:Memory:695793-B21
708633-B21,HP:Memory:708633-B21
708641-B21,HP:Memory:708641-B21
708643-B21,HP:Memory:708643-B21
713979-B21,HP:Memory:713979-B21
713981-B21,HP:Memory:713981-B21
713983-B21,HP:Memory:713983-B21
713985-B21,HP:Memory:713985-B21
716324-B21,HP:Memory:716324-B21
726717-B21,HP:Memory:726717-B21
726718-B21,HP:Memory:726718-B21
726719-B21,HP:Memory:726719-B21
726720-B21,HP:Memory:726720-B21
726722-B21,HP:Memory:726722-B21
726724-B21,HP:Memory:726724-B21
728629-B21,HP:Memory:728629-B21
731761-B21,HP:Memory:731761-B21
731765-B21,HP:Memory:731765-B21
759934-B21,HP:Memory:759934-B21
778268-B21,HP:Memory:778268-B21
803028-B21,HP:Memory:803028-B21
805347-B21,HP:Memory:805347-B21
805349-B21,HP:Memory:805349-B21
805351-B21,HP:Memory:805351-B21
805353-B21,HP:Memory:805353-B21
805358-B21,HP:Memory:805358-B21
805669-B21,HP:Memory:805669-B21
805671-B21,HP:Memory:805671-B21
815097-B21,HP:Memory:815097-B21
815098-B21,HP:Memory:815098-B21
815100-B21,HP:Memory:815100-B21
815101-B21,HP:Memory:815101-B21
819800-B21,HP:Memory:819800-B21
819880-B21,HP:Memory:819880-B21
835804-B21,HP:Memory:835804-B21
835807-B21,HP:Memory:835807-B21
835955-B21,HP:Memory:835955-B21
836220-B21,HP:Memory:836220-B21
838083-B21,HP:Memory:838083-B21
838089-B21,HP:Memory:838089-B21
845264-B21,HP:Memory:845264-B21
851353-B21,HP:Memory:851353-B21
862974-B21,HP:Memory:862974-B21
876181-B21,HP:Memory:876181-B21
879505-B21,HP:Memory:879505-B21
879507-B21,HP:Memory:879507-B21
AH253A,HP:Memory:AH253A_refurb
P00423-B21,HP:Memory:P00423-B21
P00918-B21,HP:Memory:P00918-B21
P00920-B21,HP:Memory:P00920-B21
P00922-B21,HP:Memory:P00922-B21
P00924-B21,HP:Memory:P00924-B21
P00926-B21,HP:Memory:P00926-B21
P00930-B21,HP:Memory:P00930-B21
P06031-B21,HP:Memory:P06031-B21
P06033-B21,HP:Memory:P06033-B21
P07640-B21,HP:Memory:P07640-B21
P07646-B21,HP:Memory:P07646-B21
P07650-B21,HP:Memory:P07650-B21
P19041-B21,HP:Memory:P19041-B21
P19043-B21,HP:Memory:P19043-B21
P43328-B21,HP:Memory:P43328-B21
P43331-B21,HP:Memory:P43331-B21
120978-001,HP:Miscellaneous:120978-001
123482-005,HP:Miscellaneous:123482-005
194989-002,HP:Miscellaneous:194989-002
229203-001,HP:Miscellaneous:229203-001
229206-001,HP:Miscellaneous:229206-001
243406-001,HP:Miscellaneous:243406-001
244059-B21,HP:Miscellaneous:244059-B21
252361-001,HP:Miscellaneous:252361-001
257894-006,HP:Miscellaneous:257894-006
273913-B21,HP:Miscellaneous:273913-B21
288874-B21,HP:Miscellaneous:288874-B21
289552-001,HP:Miscellaneous:289552-001
289563-001,HP:Miscellaneous:289563-001
304044-001,HP:Miscellaneous:304044-001
307132-001,HP:Miscellaneous:307132-001
313054-001,HP:Miscellaneous:313054-001
314670-001,HP:Miscellaneous:314670-001
316864-001,HP:Miscellaneous:316864-001
321632-001,HP:Miscellaneous:321632-001
336047-B21,HP:Miscellaneous:336047-B21
338296-B21,HP:Miscellaneous:338296-B21
348114-001,HP:Miscellaneous:348114-001
359251-001,HP:Miscellaneous:359251-001
361316-014,HP:Miscellaneous:361316-014
361390-001,HP:Miscellaneous:361390-001
361392-001,HP:Miscellaneous:361392-001
361399-001,HP:Miscellaneous:361399-001
365063-001,HP:Miscellaneous:365063-001
373030-051,HP:Miscellaneous:373030-051
373030-851,HP:Miscellaneous:373030-851
378907-001,HP:Miscellaneous:378907-001
379093-B21,HP:Miscellaneous:379093-B21
393485-001,HP:Miscellaneous:393485-001
396614-001,HP:Miscellaneous:396614-001
397928-001,HP:Miscellaneous:397928-001
398648-001,HP:Miscellaneous:398648-001
401415-B21,HP:Miscellaneous:401415-B21
403724-B21,HP:Miscellaneous:403724-B21
405154-B21,HP:Miscellaneous:405154-B21
405827-001,HP:Miscellaneous:405827-001
405836-001,HP:Miscellaneous:405836-001
406424-001,HP:Miscellaneous:406424-001
406740-B21,HP:Miscellaneous:406740-B21
407620-001,HP:Miscellaneous:407620-001
407747-001,HP:Miscellaneous:407747-001
407748-001,HP:Miscellaneous:407748-001
410570-B21,HP:Miscellaneous:410570-B21
411100-B21,HP:Miscellaneous:411100-B21
411243-B21,HP:Miscellaneous:411243-B21
412211-001,HP:Miscellaneous:412211-001
413144-001,HP:Miscellaneous:413144-001
413486-001,HP:Miscellaneous:413486-001
416472-001,HP:Miscellaneous:416472-001
418408-B21,HP:Miscellaneous:418408-B21
431643-B21,HP:Miscellaneous:431643-B21
436526-001,HP:Miscellaneous:436526-001
438030-B21,HP:Miscellaneous:438030-B21
438249-001,HP:Miscellaneous:438249-001
445670-002,HP:Miscellaneous:445670-002
445985-B21,HP:Miscellaneous:445985-B21
450341-B21,HP:Miscellaneous:450341-B21
451439-B21,HP:Miscellaneous:451439-B21
453154-B21,HP:Miscellaneous:453154-B21
454574-001,HP:Miscellaneous:454574-001
455880-B21,HP:Miscellaneous:455880-B21
455883-B21,HP:Miscellaneous:455883-B21
455886-B21,HP:Miscellaneous:455886-B21
457873-001,HP:Miscellaneous:457873-001
457882-001,HP:Miscellaneous:457882-001
458312-B21,HP:Miscellaneous:458312-B21
462974-001,HP:Miscellaneous:462974-001
462975-001,HP:Miscellaneous:462975-001
462976-001,HP:Miscellaneous:462976-001_battery
463310-122,HP:Miscellaneous:463310-122
411508-B21,HP:Miscellaneous:469085-B21
481320-001,HP:Miscellaneous:481320-001
487442-001,HP:Miscellaneous:487442-001
487737-B21,HP:Miscellaneous:487737-B21
487936-B21,HP:Miscellaneous:487936-B21
488069-B21,HP:Miscellaneous:488069-B21
488230-B21,HP:Miscellaneous:488230-B21
488413-B21,HP:Miscellaneous:488413-B21
490073-001,HP:Miscellaneous:490073-001
494322-B21,HP:Miscellaneous:494322-B21
494323-B21,HP:Miscellaneous:494323-B21
496057-001,HP:Miscellaneous:496057-001
496064-001,HP:Miscellaneous:496064-001
497145-B21,HP:Miscellaneous:497145-B21
499249-001,HP:Miscellaneous:499249-001
500242-001,HP:Miscellaneous:500242-001
500579-B21,HP:Miscellaneous:500579-B21
503375-001,HP:Miscellaneous:503375-001
5064-9670,HP:Miscellaneous:5064-9670
506924-B21,HP:Miscellaneous:506924-B21
507169-001,HP:Miscellaneous:507169-001
507247-001,HP:Miscellaneous:507247-001
507690-001,HP:Miscellaneous:507690-001
507803-B21,HP:Miscellaneous:507803-B21
507810-B21,HP:Miscellaneous:507810-B21
508544-B21,HP:Miscellaneous:508544-B21
511776-001,HP:Miscellaneous:511776-001
511781-001,HP:Miscellaneous:511781-001
511785-001,HP:Miscellaneous:511785-001
516006-B21,HP:Miscellaneous:516006-B21
516733-B21,HP:Miscellaneous:516733-B21
516806-001,HP:Miscellaneous:516806-001
516914-B21,HP:Miscellaneous:516914-B21
516966-B21,HP:Miscellaneous:516966-B21
518824-B21,HP:Miscellaneous:518824-B21
519200-001,HP:Miscellaneous:519200-001
519808-B21,HP:Miscellaneous:519808-B21
532147-001,HP:Miscellaneous:532147-001
534534-B21,HP:Miscellaneous:534534-B21
534562-B21,HP:Miscellaneous:534562-B21
538113-B21,HP:Miscellaneous:538113-B21
571956-B21,HP:Miscellaneous:571956-B21
583918-001,HP:Miscellaneous:583918-001
586641-001,HP:Miscellaneous:586641-001
588139-B21,HP:Miscellaneous:588139-B21
592267-001,HP:Miscellaneous:592267-001
599381-001,HP:Miscellaneous:599381-001
600281-B21,HP:Miscellaneous:600281-B21
602509-001,HP:Miscellaneous:602509-001
607248-B21,HP:Miscellaneous:607248-B21
613765-001,HP:Miscellaneous:613765-001
614988-B21,HP:Miscellaneous:614988-B21
629074-001,HP:Miscellaneous:629074-001
634025-001,HP:Miscellaneous:634025-001
635649-001,HP:Miscellaneous:635649-001
653206-B21,HP:Miscellaneous:653206-B21
653208-B21,HP:Miscellaneous:653208-B21
659484-B21,HP:Miscellaneous:659484-B21
659485-B21,HP:Miscellaneous:659485-B21
659486-B21,HP:Miscellaneous:659486-B21
659488-B21,HP:Miscellaneous:659488-B21
660584-B21,HP:Miscellaneous:660584-B21
661618-B21,HP:Miscellaneous:661618-B21
661628-B21,HP:Miscellaneous:661628-B21
661714-B21,HP:Miscellaneous:661714-B21
661717-B21,HP:Miscellaneous:661717-B21
662520-001,HP:Miscellaneous:662520-001
662883-B21,HP:Miscellaneous:662883-B21
663278-B21,HP:Miscellaneous:663278-B21
663280-B21,HP:Miscellaneous:663280-B21
663480-B21,HP:Miscellaneous:663480-B21
666987-B21,HP:Miscellaneous:666987-B21
668295-B21,HP:Miscellaneous:668295-B21
669777-B21,HP:Miscellaneous:669777-B21
673642-B21,HP:Miscellaneous:673642-B21
673646-B21,HP:Miscellaneous:673646-B21
700139-B21,HP:Miscellaneous:700139-B21
700699-B21,HP:Miscellaneous:700699-B21
718164-B21,HP:Miscellaneous:718164-B21
719067-B21,HP:Miscellaneous:719067-B21
719073-B21,HP:Miscellaneous:719073-B21
719076-B21,HP:Miscellaneous:719076-B21
719082-B21,HP:Miscellaneous:719082-B21
720863-B21,HP:Miscellaneous:720863-B21
724864-B21,HP:Miscellaneous:724864-B21
724865-B21,HP:Miscellaneous:724865-B21
725569-B21,HP:Miscellaneous:725569-B21
725570-B21,HP:Miscellaneous:725570-B21
725581-B21,HP:Miscellaneous:725581-B21
725586-B21,HP:Miscellaneous:725586-B21
726545-B21,HP:Miscellaneous:726545-B21
726547-B21,HP:Miscellaneous:726547-B21
727258-B21,HP:Miscellaneous:727258-B21
732411-B21,HP:Miscellaneous:732411-B21
733664-B21,HP:Miscellaneous:733664-B21
734811-B21,HP:Miscellaneous:734811-B21
741279-B21,HP:Miscellaneous:741279-B21
745813-B21,HP:Miscellaneous:745813-B21
745823-B21,HP:Miscellaneous:745823-B21
758368-001,HP:Miscellaneous:758368-001
764630-B21,HP:Miscellaneous:764630-B21
764642-B21,HP:Miscellaneous:764642-B21
768856-B21,HP:Miscellaneous:768856-B21
768857-B21,HP:Miscellaneous:768857-B21
769635-B21,HP:Miscellaneous:769635-B21
774741-B21,HP:Miscellaneous:774741-B21
775400-001,HP:Miscellaneous:775400-001
775403-001,HP:Miscellaneous:775403-001
775415-001,HP:Miscellaneous:775415-001
777687-001,HP:Miscellaneous:777687-001
778157-B21,HP:Miscellaneous:778157-B21
784582-B21,HP:Miscellaneous:784582-B21
786710-B21,HP:Miscellaneous:786710-B21
793443-001,HP:Miscellaneous:793443-001
793444-001,HP:Miscellaneous:793444-001
826688-B21,HP:Miscellaneous:826688-B21
826689-B21,HP:Miscellaneous:826689-B21
826690-B21,HP:Miscellaneous:826690-B21
826691-B21,HP:Miscellaneous:826691-B21
826694-B21,HP:Miscellaneous:826694-B21
826700-B21,HP:Miscellaneous:826700-B21
826708-B21,HP:Miscellaneous:826708-B21
853008-001,HP:Miscellaneous:853008-001
864279-B21,HP:Miscellaneous:864279-B21
867982-B21,HP:Miscellaneous:867982-B21
869491-B21,HP:Miscellaneous:869491-B21
870548-B21,HP:Miscellaneous:870548-B21
870549-B21,HP:Miscellaneous:870549-B21
872235-B21,HP:Miscellaneous:872235-B21
873444-B21,HP:Miscellaneous:873444-B21
874566-B21,HP:Miscellaneous:874566-B21
874567-B21,HP:Miscellaneous:874567-B21
874568-B21,HP:Miscellaneous:874568-B21
874570-B21,HP:Miscellaneous:874570-B21
874572-B21,HP:Miscellaneous:874572-B21
874576-B21,HP:Miscellaneous:874576-B21
874578-B21,HP:Miscellaneous:874578-B21
875076-001,HP:Miscellaneous:875076-001
875238-B21,HP:Miscellaneous:875238-B21
875241-B21,HP:Miscellaneous:875241-B21
875242-B21,HP:Miscellaneous:875242-B21
878783-B21,HP:Miscellaneous:878783-B21
882251-B21,HP:Miscellaneous:882251-B21
A7446B,HP:Miscellaneous:A7446B
AA986A,HP:Miscellaneous:AA986A
AE311A,HP:Miscellaneous:AE311A
AE370A,HP:Miscellaneous:AE370A
AE459B,HP:Miscellaneous:AE459B
AF103A,HP:Miscellaneous:AF103A
AF617A,HP:Miscellaneous:AF617A
AG115A,HP:Miscellaneous:AG115A
AG638B,HP:Miscellaneous:AG638B
AG691B,HP:Miscellaneous:AG691B
AH627A,HP:Miscellaneous:AH627A
AJ716A,HP:Miscellaneous:AJ716A
AJ718A,HP:Miscellaneous:AJ718A
AJ762A,HP:Miscellaneous:AJ762A
AJ763B,HP:Miscellaneous:AJ763B
AJ764A,HP:Miscellaneous:AJ764A
AJ798A,HP:Miscellaneous:AJ798A
AJ803A,HP:Miscellaneous:AJ803A
AJ836A,HP:Miscellaneous:AJ836A
AJ940-63002,HP:Miscellaneous:AJ940-63002
AJ940A,HP:Miscellaneous:AJ940A
AJ941A,HP:Miscellaneous:AJ941A
AK377A,HP:Miscellaneous:AK377A
AM227A,HP:Miscellaneous:AM227A
AP769B,HP:Miscellaneous:AP769B
AP770A,HP:Miscellaneous:AP770A
AP770B,HP:Miscellaneous:AP770B
AP872A,HP:Miscellaneous:AP872A
AW555A,HP:Miscellaneous:AW555A
AW592B,HP:Miscellaneous:AW592B
BC377A,HP:Miscellaneous:BC377A
BC393A,HP:Miscellaneous:BC393A
BK780A,HP:Miscellaneous:BK780A
BS668A,HP:Miscellaneous:BS668A
C0H27A,HP:Miscellaneous:C0H27A
C0H28A,HP:Miscellaneous:C0H28A
8120-8848,HP:Miscellaneous:C14-C15-a
C8R39A,HP:Miscellaneous:C8R39A
C8S07B,HP:Miscellaneous:C8S07B
C8S58A,HP:Miscellaneous:C8S58A
C8S59A,HP:Miscellaneous:C8S59A
C8S62A,HP:Miscellaneous:C8S62A
DS-SE2UP-BA,HP:Miscellaneous:DS-SE2UP-BA
DW022A,HP:Miscellaneous:DW022A
E2D54A,HP:Miscellaneous:E2D54A
E2D55A,HP:Miscellaneous:E2D55A
E2D56A,HP:Miscellaneous:E2D56A
EH847A,HP:Miscellaneous:EH847A
EH958B,HP:Miscellaneous:EH958B
J9150A,HP:Miscellaneous:J9150A
J9151A,HP:Miscellaneous:J9151A
J9309A,HP:Miscellaneous:J9309A
J9560A,HP:Miscellaneous:J9560A
JE008A,HP:Miscellaneous:JE008A
JL262A,HP:Miscellaneous:JL262A
K2P94B,HP:Miscellaneous:K2P94B
MAT3073NC,HP:Miscellaneous:MAT3073NC
N7P36A,HP:Miscellaneous:N7P36A
P01366-B21,HP:Miscellaneous:P01366-B21
P01367-B21,HP:Miscellaneous:P01367-B21
P02377-B21,HP:Miscellaneous:P02377-B21
P02381-B21,HP:Miscellaneous:P02381-B21
P06671-B21,HP:Miscellaneous:P06671-B21
P06687-B21,HP:Miscellaneous:P06687-B21
P11781-001,HP:Miscellaneous:P11781-001
P13771-B21,HP:Miscellaneous:P13771-B21
P27194-B21,HP:Miscellaneous:P27194-B21
P37863-B21,HP:Miscellaneous:P37863-B21
P47223-B21,HP:Miscellaneous:P47223-B21
P48183-B21,HP:Miscellaneous:P48183-B21
P51911-B21,HP:Miscellaneous:P51911-B21
P65410-B21,HP:Miscellaneous:P65410-B21
P65412-B21,HP:Miscellaneous:P65412-B21
P65415-B21,HP:Miscellaneous:P65415-B21
P9D93A,HP:Miscellaneous:P9D93A
P9D94A,HP:Miscellaneous:P9D94A
P9D99A,HP:Miscellaneous:P9D99A
Q0H80A,HP:Miscellaneous:Q0H80A
Q2P92A,HP:Miscellaneous:Q2P92A
QK724A,HP:Miscellaneous:QK724A
QLE2560-CK,HP:Miscellaneous:QLE2560-CK
QR559A,HP:Miscellaneous:QR559A
R0W29C,HP:Miscellaneous:R0W29C
R1R75A,HP:Miscellaneous:R1R75A
ST3160021A,HP:Miscellaneous:ST3160021A
VR0120GEJXL,HP:Miscellaneous:VR0120GEJXL
761873-B21,HP:Networking:761873-B21
348757-B21,HP:Networking:Adapters:348757-B21
629135-B22,HP:Networking:Adapters:629135-B22
JG394A,HP:Networking:Adapters:JG394A
P22767-B21,HP:Networking:Adapters:P22767-B21
P26936-B21,HP:Networking:Adapters:P26936-B21
P21112-B21,HP:Networking:P21112-B21
P26253-B21,HP:Networking:P26253-B21
JC610A,HP:Networking:Power Supplies:JC610A
JD362A,HP:Networking:Power Supplies:JD362A
J9087A,HP:Networking:Switches:J9087A
J9145A,HP:Networking:Switches:J9145A
J9147A,HP:Networking:Switches:J9147A
J9773A,HP:Networking:Switches:J9773A
JD374A,HP:Networking:Switches:JD374A
JE007A,HP:Networking:Switches:JE007A
JL256A,HP:Networking:Switches:JL256A
J4858C,HP:Networking:Transceivers:J4858C
J4859C,HP:Networking:Transceivers:J4859C
JD119B-RN,HP:Networking:Transceivers:JD119B_renew
217053-B21,HP:Optical Drives:217053-B21
264007-B21,HP:Optical Drives:264007-B21
331346-B21,HP:Optical Drives:331346-B21
331903-B21,HP:Optical Drives:331903-B21
383974-B21,HP:Optical Drives:383974-B21
447326-B21,HP:Optical Drives:447326-B21
447328-B21,HP:Optical Drives:447328-B21
481041-B21,HP:Optical Drives:481041-B21
481043-B21,HP:Optical Drives:481043-B21
532066-B21,HP:Optical Drives:532066-B21
532068-B21,HP:Optical Drives:532068-B21
624192-B21,HP:Optical Drives:624192-B21
652232-B21,HP:Optical Drives:652232-B21
652235-B21,HP:Optical Drives:652235-B21
652241-B21,HP:Optical Drives:652241-B21
725582-B21,HP:Optical Drives:725582-B21
726536-B21,HP:Optical Drives:726536-B21
726537-B21,HP:Optical Drives:726537-B21
230331-001,HP:Power Supplies:230331-001
230993-001,HP:Power Supplies:230993-001
283655-B21,HP:Power Supplies:283655-B21
313054-B21,HP:Power Supplies:313054-B21
355892-B21,HP:Power Supplies:355892-B21
358352-B21,HP:Power Supplies:358352-B21
378912-001,HP:Power Supplies:378912-001_refurb
399542-B21,HP:Power Supplies:399542-B21
399771-B21,HP:Power Supplies:399771-B21
402075-001,HP:Power Supplies:402075-001
406393-001,HP:Power Supplies:406393-001
432932-001,HP:Power Supplies:432932-001
433634-B21,HP:Power Supplies:433634-B21
437572-B21,HP:Power Supplies:437572-B21
441394-B21,HP:Power Supplies:441394-B21
451366-B21,HP:Power Supplies:451366-B21
500172-B21,HP:Power Supplies:500172-B21
503296-B21,HP:Power Supplies:503296-B21
512327-B21,HP:Power Supplies:512327-B21
515915-B21,HP:Power Supplies:515915-B21
536403-001,HP:Power Supplies:536403-001
578322-B21,HP:Power Supplies:578322-B21
583437-B21,HP:Power Supplies:583437-B21
593188-B21,HP:Power Supplies:593188-B21
593831-B21,HP:Power Supplies:593831-B21
636673-B21,HP:Power Supplies:636673-B21
656362-B21,HP:Power Supplies:656362-B21
656363-B21,HP:Power Supplies:656363-B21
656364-B21,HP:Power Supplies:656364-B21
684532-B21,HP:Power Supplies:684532-B21
697581-B21,HP:Power Supplies:697581-B21
720478-B21,HP:Power Supplies:720478-B21
720479-B21,HP:Power Supplies:720479-B21
720480-B21,HP:Power Supplies:720480-B21
720482-B21,HP:Power Supplies:720482-B21
720620-B21,HP:Power Supplies:720620-B21
739252-B21,HP:Power Supplies:739252-B21
739254-B21,HP:Power Supplies:739254-B21
744689-B21,HP:Power Supplies:744689-B21
775595-B21,HP:Power Supplies:775595-B21
830272-B21,HP:Power Supplies:830272-B21
865408-B21,HP:Power Supplies:865408-B21
865414-B21,HP:Power Supplies:865414-B21
865428-B21,HP:Power Supplies:865428-B21
865434-B21,HP:Power Supplies:865434-B21
865438-B21,HP:Power Supplies:865438-B21
P03178-B21,HP:Power Supplies:P03178-B21
P38995-B21,HP:Power Supplies:P38995-B21
P38997-B21,HP:Power Supplies:P38997-B21
161084-B21,HP:Processors:161084-B21
161086-B21,HP:Processors:161086-B21
187602-B21,HP:Processors:187602-B21
191224-B21,HP:Processors:191224-B21
201097-B21,HP:Processors:201097-B21
231117-B21,HP:Processors:231117-B21
231118-B21,HP:Processors:231118-B21
233273-B21,HP:Processors:233273-B21
238888-B21,HP:Processors:238888-B21
257913-B21,HP:Processors:257913-B21
275915-B21,HP:Processors:257915-B21
257916-B21,HP:Processors:257916-B21
292892-B21,HP:Processors:292892-B21
300873-B21,HP:Processors:300873-B21
311583-B21,HP:Processors:311583-B21
311584-B21,HP:Processors:311584-B21
313618-B21,HP:Processors:313618-B21
314763-B21,HP:Processors:314763-B21
317823-B21,HP:Processors:317823-B21
322472-B21,HP:Processors:322472-B21
323139-B21,HP:Processors:323139-B21
328718-B21,HP:Processors:328718-B21
333714-B21,HP:Processors:333714-B21
345323-B21,HP:Processors:345323-B21
351050-B21,HP:Processors:351050-B21
352567-B21,HP:Processors:352567-B21
352568-B21,HP:Processors:352568-B21
353831-B21,HP:Processors:353831-B21
354582-B21,HP:Processors:354582-B21
354583-B21,HP:Processors:354583-B21
358344-B21,HP:Processors:358344-B21
358345-B21,HP:Processors:358345-B21
361036-B21,HP:Processors:361036-B21
368152-B21,HP:Processors:368152-B21
370513-B21,HP:Processors:370513-B21
371542-B21,HP:Processors:371542-B21
374492-B21,HP:Processors:374492-B21
375369-B21,HP:Processors:375369-B21
376190-B21,HP:Processors:376190-B21
376243-B21,HP:Processors:376243-B21
378748-B21,HP:Processors:378748-B21
378749-B21,HP:Processors:378749-B21
378750-B21,HP:Processors:378750-B21
378751-B21,HP:Processors:378751-B21
378752-B21,HP:Processors:378752-B21
380327-B21,HP:Processors:380327-B21
381019-B21,HP:Processors:381019-B21
382182-B21,HP:Processors:382182-B21
382184-B21,HP:Processors:382184-B21
383391-B21,HP:Processors:383391-B21
383393-B21,HP:Processors:383393-B21
385903-B21,HP:Processors:385903-B21
392444-B21,HP:Processors:392444-B21
393831-B21,HP:Processors:393831-B21
397328-B21,HP:Processors:397328-B21
397645-B21,HP:Processors:397645-B21
399087-B21,HP:Processors:399087-B21
399602-B21,HP:Processors:399602-B21
401268-B21,HP:Processors:401268-B21
407435-B21,HP:Processors:407435-B21
407624-B21,HP:Processors:407624-B21
409159-B21,HP:Processors:409159-B21
409401-B21,HP:Processors:409401-B21
411365-B21,HP:Processors:411365-B21
411368-B21,HP:Processors:411368-B21
411604-B21,HP:Processors:411604-B21
411606-B21,HP:Processors:411606-B21
411951-B21,HP:Processors:411951-B21
416196-B21,HP:Processors:416196-B21
416573-B21,HP:Processors:416573-B21
416659-B21,HP:Processors:416659-B21
416888-B21,HP:Processors:416888-B21
418319-B21,HP:Processors:418319-B21
430816-B21,HP:Processors:430816-B21
430819-B21,HP:Processors:430819-B21
435571-B21,HP:Processors:435571-B21
435952-B21,HP:Processors:435952-B21
437391-B21,HP:Processors:437391-B21
437444-B21,HP:Processors:437444-B21
437940-B21,HP:Processors:437940-B21
445575-B21,HP:Processors:445575-B21
446077-B21,HP:Processors:446077-B21
446079-B21,HP:Processors:446079-B21
449776-B21,HP:Processors:449776-B21
455420-B21,HP:Processors:455420-B21
455421-B21,HP:Processors:455421-B21
457929-B21,HP:Processors:457929-B21
457931-B21,HP:Processors:457931-B21
457933-B21,HP:Processors:457933-B21
457935-B21,HP:Processors:457935-B21
457937-B21,HP:Processors:457937-B21
458257-B21,HP:Processors:458257-B21
458259-B21,HP:Processors:458259-B21
458265-B21,HP:Processors:458265-B21
458267-B21,HP:Processors:458267-B21
458408-B21,HP:Processors:458408-B21
458410-B21,HP:Processors:458410-B21
458418-B21,HP:Processors:458418-B21
458579-B21,HP:Processors:458579-B21
458581-B21,HP:Processors:458581-B21
458583-B21,HP:Processors:458583-B21
458585-B21,HP:Processors:458585-B21
458784-B21,HP:Processors:458784-B21
459489-B21,HP:Processors:459489-B21
459494-B21,HP:Processors:459494-B21
461623-B21,HP:Processors:461623-B21
463056-B21,HP:Processors:463056-B21
465324-B21,HP:Processors:465324-B21
484309-B21,HP:Processors:484309-B21
487377-B21,HP:Processors:487377-B21
488039-B21,HP:Processors:488039-B21
492136-B21,HP:Processors:492136-B21
492237-B21,HP:Processors:492237-B21
492239-B21,HP:Processors:492239-B21
492244-B21,HP:Processors:492244-B21
495902-B21,HP:Processors:495902-B21
495918-B21,HP:Processors:495918-B21
495938-B21,HP:Processors:495938-B21
495940-B21,HP:Processors:495940-B21
500087-B21,HP:Processors:500087-B21
505513-B21,HP:Processors:505513-B21
505880-B21,HP:Processors:505880-B21
505882-B21,HP:Processors:505882-B21
507674-B21,HP:Processors:507674-B21
507721-B21,HP:Processors:507721-B21
507801-B21,HP:Processors:507801-B21
507847-B21,HP:Processors:507847-B21
570113-B21,HP:Processors:570113-B21
581869-B21,HP:Processors:581869-B21
587476-B21,HP:Processors:587476-B21
587480-B21,HP:Processors:587480-B21
587482-B21,HP:Processors:587482-B21
587491-B21,HP:Processors:587491-B21
587493-B21,HP:Processors:587493-B21
587507-B21,HP:Processors:587507-B21
588068-B21,HP:Processors:588068-B21
588070-B21,HP:Processors:588070-B21
588072-B21,HP:Processors:588072-B21
588074-B21,HP:Processors:588074-B21
588143-B21,HP:Processors:588143-B21
588156-B21,HP:Processors:588156-B21
601246-B21,HP:Processors:601246-B21
603574-B21,HP:Processors:603574-B21
603603-B21,HP:Processors:603603-B21
610859-B21,HP:Processors:610859-B21
610860-B21,HP:Processors:610860-B21
610863-B21,HP:Processors:610863-B21
633410-B21,HP:Processors:633410-B21
633412-B21,HP:Processors:633412-B21
633420-L21,HP:Processors:633420-L21
654766-B21,HP:Processors:654766-B21
654768-B21,HP:Processors:654768-B21
654782-B21,HP:Processors:654782-B21
660595-B21,HP:Processors:660595-B21
660597-B21,HP:Processors:660597-B21
660598-B21,HP:Processors:660598-B21
660605-B21,HP:Processors:660605-B21
660650-B21,HP:Processors:660650-B21
660656-B21,HP:Processors:660656-B21
660660-B21,HP:Processors:660660-B21
660666-B21,HP:Processors:660666-B21
661128-B21,HP:Processors:661128-B21
661132-B21,HP:Processors:661132-B21
662065-B21,HP:Processors:662065-B21
662066-B21,HP:Processors:662066-B21
662068-B21,HP:Processors:662068-B21
662070-B21,HP:Processors:662070-B21
662214-B21,HP:Processors:662214-B21
662216-B21,HP:Processors:662216-B21
662228-B21,HP:Processors:662228-B21
662240-B21,HP:Processors:662240-B21
662242-B21,HP:Processors:662242-B21
662246-B21,HP:Processors:662246-B21
662248-B21,HP:Processors:662248-B21
662250-B21,HP:Processors:662250-B21
662252-B21,HP:Processors:662252-B21
662254-B21,HP:Processors:662254-B21
662922-B21,HP:Processors:662922-B21
662932-B21,HP:Processors:662932-B21
662933-B21,HP:Processors:662933-B21
664011-B21,HP:Processors:664011-B21
665866-B21,HP:Processors:665866-B21
665868-B21,HP:Processors:665868-B21
666509-B21,HP:Processors:666509-B21
678905-B21,HP:Processors:678905-B21
703941-B21,HP:Processors:703941-B21
703946-B21,HP:Processors:703946-B21
703952-B21,HP:Processors:703952-B21
703960-B21,HP:Processors:703960-B21
703962-B21,HP:Processors:703962-B21
708485-B21,HP:Processors:708485-B21
708491-B21,HP:Processors:708491-B21
709486-B21,HP:Processors:709486-B21
709493-B21,HP:Processors:709493-B21
712733-B21,HP:Processors:712733-B21
712735-B21,HP:Processors:712735-B21
712771-B21,HP:Processors:712771-B21
712775-B21,HP:Processors:712775-B21
715214-B21,HP:Processors:715214-B21
715221-B21,HP:Processors:715221-B21
715224-B21,HP:Processors:715224-B21
715226-B21,HP:Processors:715226-B21
718358-B21,HP:Processors:718358-B21
719044-B21,HP:Processors:719044-B21
719049-B21,HP:Processors:719049-B21
719050-B21,HP:Processors:719050-B21
719051-B21,HP:Processors:719051-B21
719052-B21,HP:Processors:719052-B21
719054-B21,HP:Processors:719054-B21
722284-B21,HP:Processors:722284-B21
722301-B21,HP:Processors:722301-B21
724573-B21,HP:Processors:724573-B21
726648-B21,HP:Processors:726648-B21
726651-B21,HP:Processors:726651-B21
726658-B21,HP:Processors:726658-B21
726989-B21,HP:Processors:726989-B21
726989-L21,HP:Processors:726989-L21
726999-B21,HP:Processors:726999-B21
727261-B21,HP:Processors:727261-B21
733921-B21,HP:Processors:733921-B21
755378-B21,HP:Processors:755378-B21
755382-B21,HP:Processors:755382-B21
755384-B21,HP:Processors:755384-B21
755388-B21,HP:Processors:755388-B21
764097-B21,HP:Processors:764097-B21
779556-B21,HP:Processors:779556-B21
781828-B21,HP:Processors:781828-B21
781828-L21,HP:Processors:781828-L21
783009-B21,HP:Processors:783009-B21
801230-L21,HP:Processors:801230-L21
801232-B21,HP:Processors:801232-B21
817927-B21,HP:Processors:817927-B21
817929-B21,HP:Processors:817929-B21
817935-B21,HP:Processors:817935-B21
817947-B21,HP:Processors:817947-B21
817951-L21,HP:Processors:817951-L21
817959-B21,HP:Processors:817959-B21
817963-B21,HP:Processors:817963-B21
818168-B21,HP:Processors:818168-B21
818172-B21,HP:Processors:818172-B21
818174-B21,HP:Processors:818174-B21
818176-B21,HP:Processors:818176-B21
818184-B21,HP:Processors:818184-B21
826846-B21,HP:Processors:826846-B21
826850-B21,HP:Processors:826850-B21
826878-B21,HP:Processors:826878-B21
860687-B21,HP:Processors:860687-B21
866526-B21,HP:Processors:866526-B21
875942-B21,HP:Processors:875942-B21
P02491-B21,HP:Processors:P02491-B21
P02492-B21,HP:Processors:P02492-B21
P02498-B21,HP:Processors:P02498-B21
P02499-B21,HP:Processors:P02499-B21
P02510-B21,HP:Processors:P02510-B21
P02571-B21,HP:Processors:P02571-B21
P02634-B21,HP:Processors:P02634-B21
P10938-B21,HP:Processors:P10938-B21
P15977-B21,HP:Processors:P15977-B21
P15995-B21,HP:Processors:P15995-B21
P19791-B21,HP:Processors:P19791-B21
P19792-B21,HP:Processors:P19792-B21
P23549-B21,HP:Processors:P23549-B21
P23741-B21,HP:Processors:P23741-B21
P24169-B21,HP:Processors:P24169-B21
P24466-B21,HP:Processors:P24466-B21
P24467-B21,HP:Processors:P24467-B21
P24469-B21,HP:Processors:P24469-B21
P24472-B21,HP:Processors:P24472-B21
P24473-B21,HP:Processors:P24473-B21
P24486-B21,HP:Processors:P24486-B21
P36931-B21,HP:Processors:P36931-B21
303341-B21,HP:Rail Kits:303341-B21
360104-001,HP:Rail Kits:360104-001
573091-001,HP:Rail Kits:573091-001
574765-001,HP:Rail Kits:574765-001
601946-B21,HP:Rail Kits:601946-B21
733660-B21,HP:Rail Kits:733660-B21
734807-B21,HP:Rail Kits:734807-B21
874543-B21,HP:Rail Kits:874543-B21
458342-001,HP:Servers:458342-001_refurb
605881-005,HP:Servers:605881-005
736984-S01,HP:Servers:736984-S01
P05524-B21,HP:Servers:P05524-B21
124992-B21,HP:Storage Controllers:124992-B21
127695-B21,HP:Storage Controllers:127695-B21
128293-B21,HP:Storage Controllers:128293-B21
153506-B21,HP:Storage Controllers:153506-B21
158939-B21,HP:Storage Controllers:158939-B21
166207-B21,HP:Storage Controllers:166207-B21
225338-B21,HP:Storage Controllers:225338-B21
238633-B21,HP:Storage Controllers:238633-B21
254786-B21,HP:Storage Controllers:254786-B21
255514-B21,HP:Storage Controllers:255514-B21
263697-B21,HP:Storage Controllers:263697-B21
273911-B21,HP:Storage Controllers:273911-B21
273914-B21,HP:Storage Controllers:273914-B21
273915-B21,HP:Storage Controllers:273915-B21
283551-B21,HP:Storage Controllers:283551-B21
291966-B21,HP:Storage Controllers:291966-B21
291967-B21,HP:Storage Controllers:291967-B21
295643-B21,HP:Storage Controllers:295643-B21
337972-B21,HP:Storage Controllers:337972-B21
346914-B21,HP:Storage Controllers:346914-B21
351580-B21,HP:Storage Controllers:351580-B21
372538-B21,HP:Storage Controllers:372538-B21
372953-B21,HP:Storage Controllers:372953-B21
381513-B21,HP:Storage Controllers:381513-B21
383280-B21,HP:Storage Controllers:383280-B21
399550-B21,HP:Storage Controllers:399550-B21
405132-B21,HP:Storage Controllers:405132-B21
405148-B21,HP:Storage Controllers:405148-B21
409180-B21,HP:Storage Controllers:409180-B21
411064-B21,HP:Storage Controllers:411064-B21
417836-B21,HP:Storage Controllers:417836-B21
435129-B21,HP:Storage Controllers:435129-B21
451871-B21,HP:Storage Controllers:451871-B21
452348-B21,HP:Storage Controllers:452348-B21
462828-B21,HP:Storage Controllers:462828-B21
462830-B21,HP:Storage Controllers:462830-B21
462834-B21,HP:Storage Controllers:462834-B21
462862-B21,HP:Storage Controllers:462862-B21
462864-B21,HP:Storage Controllers:462864-B21
462967-B21,HP:Storage Controllers:462967-B21
462968-B21,HP:Storage Controllers:462968-B21
462969-B21,HP:Storage Controllers:462969-B21
468406-B21,HP:Storage Controllers:468406-B21
487204-B21,HP:Storage Controllers:487204-B21
534916-B21,HP:Storage Controllers:534916-B21
572532-B21,HP:Storage Controllers:572532-B21
578229-B21,HP:Storage Controllers:578229-B21
578230-B21,HP:Storage Controllers:578230-B21
615418-B21,HP:Storage Controllers:615418-B21
631667-B21,HP:Storage Controllers:631667-B21
631670-B21,HP:Storage Controllers:631670-B21
631671-B21,HP:Storage Controllers:631671-B21
631673-B21,HP:Storage Controllers:631673-B21
631674-B21,HP:Storage Controllers:631674-B21
631679-B21,HP:Storage Controllers:631679-B21
631681-B21,HP:Storage Controllers:631681-B21
631682-B21,HP:Storage Controllers:631682-B21
631922-B21,HP:Storage Controllers:631922-B21
661069-B21,HP:Storage Controllers:661069-B21
676473-B21,HP:Storage Controllers:676473-B21
698529-B21,HP:Storage Controllers:698529-B21
726736-B21,HP:Storage Controllers:726736-B21
726821-B21,HP:Storage Controllers:726821-B21
726825-B21,HP:Storage Controllers:726825-B21
726897-B21,HP:Storage Controllers:726897-B21
749974-B21,HP:Storage Controllers:749974-B21
761874-B21,HP:Storage Controllers:761874-B21
804326-B21,HP:Storage Controllers:804326-B21
804331-B21,HP:Storage Controllers:804331-B21
804338-B21,HP:Storage Controllers:804338-B21
804394-B21,HP:Storage Controllers:804394-B21
804398-B21,HP:Storage Controllers:804398-B21
830824-B21,HP:Storage Controllers:830824-B21
843199-B21,HP:Storage Controllers:843199-B21
869079-B21,HP:Storage Controllers:869079-B21
869081-B21,HP:Storage Controllers:869081-B21
870658-B21,HP:Storage Controllers:870658-B21
P04220-B21,HP:Storage Controllers:P04220-B21
P26279-B21,HP:Storage Controllers:P26279-B21
P47184-B21,HP:Storage Controllers:P47184-B21
P47789-B21,HP:Storage Controllers:P47789-B21
P58335-B21,HP:Storage Controllers:P58335-B21
QW971A,HP:Storage Controllers:QW971A
QW972A,HP:Storage Controllers:QW972A
BS580A,HP:Tape Drives:BS580A
C7974A,HP:Tape Drives:C7974A
C7976AN,HP:Tape Drives:C7976AN
C7978A,HP:Tape Drives:C7978A
DW085A,HP:Tape Drives:DW085A
EH854B,HP:Tape Drives:EH854B
EH861B,HP:Tape Drives:EH861B
EH957B,HP:Tape Drives:EH957B
EH964A,HP:Tape Drives:EH964A
EH969A,HP:Tape Drives:EH969A
EH970A,HP:Tape Drives:EH970A
